Cites,Authors,Title,Year,Source,Publisher,ArticleURL,CitesURL,GSRank,ECC,CitesPerYear,CitesPerAuthor,AuthorCount,Age,Abstract
632,"PD Adamczyk, BP Bailey","If not now, when? The effects of interruption at different moments within task execution",2004,Proceedings of the SIGCHI conference on …,dl.acm.org,https://dl.acm.org/doi/abs/10.1145/985692.985727,"https://scholar.google.com/scholar?cites=6030478360968811083&as_sdt=2005&sciodt=0,5&hl=en",1,632,39.5,316,2,16,"User attention is a scarce resource, and users are susceptible to interruption overload. Systems do not reason about the effects of interrupting a user during a task sequence. In this study, we measure effects of interrupting a user at different moments within task execution in …"
572,"BP Bailey, JA Konstan","On the need for attention-aware systems: Measuring effects of interruption on task performance, error rate, and affective state",2006,Computers in human behavior,Elsevier,https://www.sciencedirect.com/science/article/pii/S074756320500107X,"https://scholar.google.com/scholar?cites=12537790753534975652&as_sdt=2005&sciodt=0,5&hl=en",2,572,40.86,286,2,14,"This paper reports results from a controlled experiment (N= 50) measuring effects of interruption on task completion time, error rate, annoyance, and anxiety. The experiment used a sample of primary and peripheral tasks representative of those often performed by …"
541,"MR Adams, A Nakagomi, A Keech, J Robinson…",Carotid intima-media thickness is only weakly correlated with the extent and severity of coronary artery disease,1995,Circulation,Am Heart Assoc,https://www.ahajournals.org/doi/abs/10.1161/01.cir.92.8.2127,"https://scholar.google.com/scholar?cites=8253064671651122321&as_sdt=2005&sciodt=0,5&hl=en",3,541,21.64,108,5,25,"Background Intima-media thickness (IMT) of the common carotid artery (CCA), measured with external vascular ultrasound, has been widely used in clinical trials as a surrogate marker for coronary atherosclerosis. Despite this, the degree of correlation between carotid …"
373,"BP Bailey, JA Konstan, JV Carlis","The Effects of Interruptions on Task Performance, Annoyance, and Anxiety in the User Interface.",2001,Interact,cse.unr.edu,https://www.cse.unr.edu/~sushil/class/ps/papers/EffectInterruptions-interact-2001.pdf,"https://scholar.google.com/scholar?cites=7569300105310450121&as_sdt=2005&sciodt=0,5&hl=en",4,373,19.63,124,3,19,"When an automating application needs a user's input or has feedback or other information for that user, it typically engages the user immediately, interrupting the user's current task. To empirically validate why unnecessarily interrupting a user's task should be avoided, we …"
319,"BP Bailey, ST Iqbal",Understanding changes in mental workload during execution of goal-directed tasks and its application for interruption management,2008,ACM Transactions on Computer-Human Interaction …,dl.acm.org,https://dl.acm.org/doi/abs/10.1145/1314683.1314689,"https://scholar.google.com/scholar?cites=13520909636255644102&as_sdt=2005&sciodt=0,5&hl=en",5,319,26.58,160,2,12,"Notifications can have reduced interruption cost if delivered at moments of lower mental workload during task execution. Cognitive theorists have speculated that these moments occur at subtask boundaries. In this article, we empirically test this speculation by examining …"
310,"ST Iqbal, XS Zheng, BP Bailey",Task-evoked pupillary response to mental workload in human-computer interaction,2004,CHI'04 extended abstracts on Human …,dl.acm.org,https://dl.acm.org/doi/abs/10.1145/985921.986094,"https://scholar.google.com/scholar?cites=4020516631575881285&as_sdt=2005&sciodt=0,5&hl=en",6,310,19.38,103,3,16,Accurate assessment of a user's mental workload will be critical for developing systems that manage user attention (interruptions) in the user interface. Empirical evidence suggests that an interruption is much less disruptive when it occurs during a period of lower mental …
242,"ST Iqbal, PD Adamczyk, XS Zheng…",Towards an index of opportunity: understanding changes in mental workload during task execution,2005,Proceedings of the …,dl.acm.org,https://dl.acm.org/doi/abs/10.1145/1054972.1055016,"https://scholar.google.com/scholar?cites=5601035442684266080&as_sdt=2005&sciodt=0,5&hl=en",7,242,16.13,61,4,15,"To contribute to systems that reason about human attention, our work empirically demonstrates how a user's mental workload changes during task execution. We conducted a study where users performed interactive, hierarchical tasks while mental workload was …"
200,"SR Herring, CC Chang, J Krantzler…",Getting inspired! Understanding how and why examples are used in creative design practice,2009,Proceedings of the …,dl.acm.org,https://dl.acm.org/doi/abs/10.1145/1518701.1518717,"https://scholar.google.com/scholar?cites=3061132593038156763&as_sdt=2005&sciodt=0,5&hl=en",9,200,18.18,50,4,11,"The use of examples serves a critical role in creative design practice, but details of this process remain an enigma. This is problematic for both the understanding of design activity as well as for developing more effective design tools. In this paper, we report results of a …"
199,"A Xu, X Yang, H Rao, WT Fu, SW Huang…",Show me the money! An analysis of project updates during crowdfunding campaigns,2014,Proceedings of the …,dl.acm.org,https://dl.acm.org/doi/abs/10.1145/2556288.2557045,"https://scholar.google.com/scholar?cites=10579049474755029450&as_sdt=2005&sciodt=0,5&hl=en",8,199,33.17,33,6,6,"Hundreds of thousands of crowdfunding campaigns have been launched, but more than half of them have failed. To better understand the factors affecting campaign outcomes, this paper targets the content and usage patterns of project updates--communications intended …"
189,"ST Iqbal, BP Bailey",Effects of intelligent notification management on users and their tasks,2008,Proceedings of the SIGCHI Conference on Human …,dl.acm.org,https://dl.acm.org/doi/abs/10.1145/1357054.1357070,"https://scholar.google.com/scholar?cites=17520254173314842226&as_sdt=2005&sciodt=0,5&hl=en",10,189,15.75,95,2,12,We present a novel system for notification management and report results from two studies testing its performance and impact. The system uses statistical models to realize defer-to-breakpoint policies for managing notifications. The first study tested how well the models …
173,"ST Iqbal, BP Bailey",Investigating the effectiveness of mental workload as a predictor of opportune moments for interruption,2005,CHI'05 extended abstracts on Human factors in …,dl.acm.org,https://dl.acm.org/doi/abs/10.1145/1056808.1056948,"https://scholar.google.com/scholar?cites=617628555866445617&as_sdt=2005&sciodt=0,5&hl=en",11,173,11.53,87,2,15,"This work investigates the use of workload-aligned task models for predicting opportune moments for interruption. From models for several tasks, we selected boundaries with the lowest (Best) and highest (Worst) mental workload. We compared effects of interrupting …"
165,"BP Bailey, JA Konstan, JV Carlis",Measuring the effects of interruptions on task performance in the user interface,2000,Smc 2000 conference …,ieeexplore.ieee.org,https://ieeexplore.ieee.org/abstract/document/885940/,"https://scholar.google.com/scholar?cites=17232091266930833221&as_sdt=2005&sciodt=0,5&hl=en",12,165,8.25,55,3,20,"As users continue offloading more control and responsibility to the computer, coordinating the asynchronous interactions between the user and computer is becoming increasingly important. Without proper coordination, an application attempting to gain the user's attention …"
149,"ST Iqbal, BP Bailey",Leveraging characteristics of task structure to predict the cost of interruption,2006,Proceedings of the SIGCHI conference on Human …,dl.acm.org,https://dl.acm.org/doi/abs/10.1145/1124772.1124882,"https://scholar.google.com/scholar?cites=3601524684647568263&as_sdt=2005&sciodt=0,5&hl=en",13,149,10.64,75,2,14,"ABSTRACT A challenge in building interruption reasoning systems is to compute an accurate cost of interruption (COI). Prior work has used interface events and other cues to predict COI, but ignore characteristics related to the structure of a task. This work …"
141,"JT Biehl, BP Bailey",ARIS: an interface for application relocation in an interactive space,2004,Proceedings of Graphics interface 2004,dl.acm.org,https://dl.acm.org/citation.cfm?id=1006072,"https://scholar.google.com/scholar?cites=6270197270659443570&as_sdt=2005&sciodt=0,5&hl=en",15,141,8.81,71,2,16,"By enabling users to better manage information across PDAs, laptops, graphics tablets, and large screens, the use of an interactive space could dramatically improve how users share information in collaborative work. To enable a user to better manage information in an …"
140,"BP Bailey, JA Konstan, JV Carlis",DEMAIS: designing multimedia applications with interactive storyboards,2001,Proceedings of the ninth ACM …,dl.acm.org,https://dl.acm.org/doi/abs/10.1145/500141.500179,"https://scholar.google.com/scholar?cites=14118806187916542505&as_sdt=2005&sciodt=0,5&hl=en",14,140,7.37,47,3,19,"To create an innovative interactive multimedia application, a multimedia designer needs to rapidly explore numerous behavioral design ideas early in the design process, as creating innovative behavior is the cornerstone of creating innovative multimedia. Current tools and …"
139,"M Vakilian, N Chen, S Negara…","Use, disuse, and misuse of automated refactorings",2012,2012 34th …,ieeexplore.ieee.org,https://ieeexplore.ieee.org/abstract/document/6227190/,"https://scholar.google.com/scholar?cites=1837293109275660478&as_sdt=2005&sciodt=0,5&hl=en",17,139,17.38,35,4,8,"Though refactoring tools have been available for more than a decade, research has shown that programmers underutilize such tools. However, little is known about why programmers do not take advantage of these tools. We have conducted a field study on programmers in …"
138,"BP Bailey, JA Konstan","Are informal tools better? Comparing DEMAIS, pencil and paper, and Authorware for early multimedia design",2003,Proceedings of the SIGCHI conference on …,dl.acm.org,https://dl.acm.org/doi/abs/10.1145/642611.642666,"https://scholar.google.com/scholar?cites=18284599427445304681&as_sdt=2005&sciodt=0,5&hl=en",16,138,8.12,69,2,17,ABSTRACT DEMAIS is an informal design tool that we claim helps a multimedia designer explore and communicate temporal and interactive (behavioral) design ideas better than existing tools. This paper seeks to empirically validate our claim. We report on an evaluation …
127,"J Hailpern, E Hinterbichler, C Leppert, D Cook…",TEAM STORM: demonstrating an interaction model for working with multiple ideas during creative group work,2007,Proceedings of the 6th …,dl.acm.org,https://dl.acm.org/doi/abs/10.1145/1254960.1254987,"https://scholar.google.com/scholar?cites=12455276164381642263&as_sdt=2005&sciodt=0,5&hl=en",18,127,9.77,25,5,13,"Informal design tools can provide immense value during the creative stages of the design process, eg, by transforming sketches into interactive simulations. Two key limitations of informal and many other design tools are that they do not promote working with multiple …"
127,"JT Biehl, WT Baker, BP Bailey, DS Tan…",Impromptu: a new interaction framework for supporting collaboration in multiple display environments and its field evaluation for co-located software development,2008,Proceedings of the …,dl.acm.org,https://dl.acm.org/doi/abs/10.1145/1357054.1357200,"https://scholar.google.com/scholar?cites=10672505529485144635&as_sdt=2005&sciodt=0,5&hl=en",19,127,10.58,25,5,12,"We present a new interaction framework for collaborating in multiple display environments (MDEs) and report results from a field study investigating its use in an authentic work setting. Our interaction framework, IMPROMPTU, allows users to share task information across …"
127,"ST Iqbal, BP Bailey",Oasis: A framework for linking notification delivery to the perceptual structure of goal-directed tasks,2010,ACM Transactions on Computer-Human Interaction …,dl.acm.org,https://dl.acm.org/doi/abs/10.1145/1879831.1879833,"https://scholar.google.com/scholar?cites=14365641168688710395&as_sdt=2005&sciodt=0,5&hl=en",20,127,12.7,64,2,10,"A notification represents the proactive delivery of information to a user and reduces the need to visually scan or repeatedly check an external information source. At the same time, notifications often interrupt user tasks at inopportune moments, decreasing productivity and …"
120,"RS Sodhi, BR Jones, D Forsyth, BP Bailey…",BeThere: 3D mobile collaboration with spatial input,2013,Proceedings of the …,dl.acm.org,https://dl.acm.org/doi/abs/10.1145/2470654.2470679,"https://scholar.google.com/scholar?cites=10079810540043158162&as_sdt=2005&sciodt=0,5&hl=en",21,120,17.14,24,5,7,"We present BeThere, a proof-of-concept system designed to explore 3D input for mobile collaborative interactions. With BeThere, we explore 3D gestures and spatial input which allow remote users to perform a variety of virtual interactions in a local user's physical …"
104,"K Luther, JL Tolentino, W Wu, A Pavel…","Structuring, aggregating, and evaluating crowdsourced design critique",2015,Proceedings of the 18th …,dl.acm.org,https://dl.acm.org/doi/abs/10.1145/2675133.2675283,"https://scholar.google.com/scholar?cites=6961493281043931242&as_sdt=2005&sciodt=0,5&hl=en",22,104,20.8,21,5,5,"Feedback is an important component of the design process, but gaining access to high-quality critique outside a classroom or firm is challenging. We present CrowdCrit, a web-based system that allows designers to receive design critiques from non-expert crowd …"
97,"ST Iqbal, BP Bailey",Understanding and developing models for detecting and differentiating breakpoints during interactive tasks,2007,Proceedings of the SIGCHI conference on Human …,dl.acm.org,https://dl.acm.org/doi/abs/10.1145/1240624.1240732,"https://scholar.google.com/scholar?cites=16558270965768467218&as_sdt=2005&sciodt=0,5&hl=en",23,97,7.46,49,2,13,"The ability to detect and differentiate breakpoints during task execution is critical for enabling defer-to-breakpoint policies within interruption management. In this work, we examine the feasibility of building statistical models that can detect and differentiate three granularities …"
96,"BP Bailey, E Horvitz",What's your idea? A case study of a grassroots innovation pipeline within a large software company,2010,Proceedings of the SIGCHI Conference on Human …,dl.acm.org,https://dl.acm.org/doi/abs/10.1145/1753326.1753641,"https://scholar.google.com/scholar?cites=7999566306636061404&as_sdt=2005&sciodt=0,5&hl=en",24,96,9.6,48,2,10,Establishing a grassroots innovation pipeline has come to the fore as strategy for nurturing innovation within large organizations. A key element of such pipelines is the use of an idea management system that enables and encourages community ideation on defined business …
78,"SR Herring, BR Jones, BP Bailey",Idea generation techniques among creative professionals,2009,2009 42nd Hawaii …,ieeexplore.ieee.org,https://ieeexplore.ieee.org/abstract/document/4755347/,"https://scholar.google.com/scholar?cites=1819896754452146211&as_sdt=2005&sciodt=0,5&hl=en",25,78,7.09,26,3,11,"The creative process has been a key topic research over the past century, but it wasn't until the last decade that creativity became a hot topic of research in the HCI. It is an important commodity to businesses and individuals alike spawning numerous research studies in …"
76,"DS Celerrnajer, MJ Boyer, BP Bailey…",Pericardiocentesis for symptomatic malignant pericardial effusion: a study of 36 patients,1991,Medical journal of …,Wiley Online Library,https://onlinelibrary.wiley.com/doi/abs/10.5694/j.1326-5377.1991.tb112840.x,"https://scholar.google.com/scholar?cites=10176253280056143674&as_sdt=2005&sciodt=0,5&hl=en",26,76,2.62,19,4,29,"We reviewed 36 cases of symptomatic malignant pericardial effusion managed with pericardiocentesis at our institution from 1982 to 1989. There were 13 men and 23 women, aged 49±12 years (range, 33–76 years). The commonest underlying tumours were lung …"
67,"BP Bailey, PD Adamczyk, TY Chang…",A framework for specifying and monitoring user tasks,2006,Computers in Human …,Elsevier,https://www.sciencedirect.com/science/article/pii/S0747563205001068,"https://scholar.google.com/scholar?cites=11089012592201953625&as_sdt=2005&sciodt=0,5&hl=en",27,67,4.79,17,4,14,"Interrupting users engaged in tasks typically has negative effects on their task completion time, error rate, and affective state. Empirical research has shown that these negative effects can be mitigated by deferring interruptions until more opportune moments in a user's task …"
66,"ST Iqbal, BP Bailey",Using eye gaze patterns to identify user tasks,2004,The Grace Hopper Celebration of Women in …,interruptions.net,https://www.interruptions.net/literature/Iqbal-GHC04.pdf,"https://scholar.google.com/scholar?cites=13929980473627892854&as_sdt=2005&sciodt=0,5&hl=en",28,66,4.13,33,2,16,Users of today's desktop interface often suffer from interruption overload. Our research seeks to develop an attention manager that mitigates the disruptive effects of interruptions by identifying moments of low mental workload in a user's task sequence. To develop such a …
54,"PD Adamczyk, ST Iqbal, BP Bailey","A method, system, and tools for intelligent interruption management",2005,… of the 4th international workshop on …,dl.acm.org,https://dl.acm.org/doi/abs/10.1145/1122935.1122959,"https://scholar.google.com/scholar?cites=11702227050565983255&as_sdt=2005&sciodt=0,5&hl=en",29,54,3.6,18,3,15,"Interrupting users engaged in tasks typically has negative effects on their task completion time, error rate, and affective state. Empirical research has shown that these negative effects can be mitigated by deferring interruptions until more opportune moments in a user's task …"
52,"ES De Guzman, M Sharmin, BP Bailey",Should I call now? Understanding what context is considered when deciding whether to initiate remote communication via mobile devices,2007,Proceedings of Graphics …,dl.acm.org,https://dl.acm.org/doi/abs/10.1145/1268517.1268542,"https://scholar.google.com/scholar?cites=4902563885999784429&as_sdt=2005&sciodt=0,5&hl=en",30,52,4,17,3,13,"Requests for communication via mobile devices can be disruptive to the current task or social situation. To reduce the frequency of disruptive requests, one promising approach is to provide callers with cues of a receiver's context through an awareness display, allowing …"
49,"BR Jones, R Sodhi, RH Campbell…",Build your world and play in it: Interacting with surface particles on complex objects,2010,… symposium on mixed …,ieeexplore.ieee.org,https://ieeexplore.ieee.org/abstract/document/5643566/,"https://scholar.google.com/scholar?cites=451575253988170239&as_sdt=2005&sciodt=0,5&hl=en",31,49,4.9,12,4,10,"We explore interacting with everyday objects by representing content as interactive surface particles. Users can build their own physical world, map virtual content onto their physical construction and play directly with the surface using a stylus. A surface particle …"
47,"JT Biehl, PD Adamczyk, BP Bailey",Djogger: a mobile dynamic music device,2006,CHI'06 Extended Abstracts on …,dl.acm.org,https://dl.acm.org/doi/abs/10.1145/1125451.1125569,"https://scholar.google.com/scholar?cites=16504126518822047166&as_sdt=2005&sciodt=0,5&hl=en",32,47,3.36,16,3,14,Maintaining motivation during exercise can be difficult for people engaged in individual workout routines. A common method for maintaining pace and staying motivated is the introduction of a musical soundtrack. The pace of the music and selection of songs …
47,"A Xu, H Rao, SP Dow, BP Bailey",A classroom study of using crowd feedback in the iterative design process,2015,… of the 18th ACM conference on …,dl.acm.org,https://dl.acm.org/doi/abs/10.1145/2675133.2675140,"https://scholar.google.com/scholar?cites=601808626069496041&as_sdt=2005&sciodt=0,5&hl=en",33,47,9.4,12,4,5,"Crowd feedback systems offer designers an emerging approach for improving their designs, but there is little empirical evidence of the benefit of these systems. This paper reports the results of a study of using a crowd feedback system to iterate on visual designs. Users in an …"
45,"RE Su, BP Bailey",Put them where? towards guidelines for positioning large displays in interactive workspaces,2005,IFIP Conference on Human-Computer Interaction,Springer,https://link.springer.com/chapter/10.1007/11555261_29,"https://scholar.google.com/scholar?cites=17445795434096441146&as_sdt=2005&sciodt=0,5&hl=en",34,45,3,23,2,15,"Multiple large displays are being increasingly used in interactive workspaces to enhance individual and group work. However, little research has been conducted to determine whether various configurations of large displays impact users or their tasks differently. We …"
45,"M Sharmin, BP Bailey, C Coats…",Understanding knowledge management practices for early design activity and its implications for reuse,2009,Proceedings of the SIGCHI …,dl.acm.org,https://dl.acm.org/doi/abs/10.1145/1518701.1519064,"https://scholar.google.com/scholar?cites=8828447514531664469&as_sdt=2005&sciodt=0,5&hl=en",35,45,4.09,11,4,11,"Prior knowledge is a critical resource for design, especially when designers are striving to generate new ideas for complex problems. Systems that improve access to relevant prior knowledge and promote reuse can improve design efficiency and outcomes. Unfortunately …"
43,"BP Bailey, LJ Gurak, JA Konstan",An examination of trust production in computer-mediated exchange,2001,… on Human Factors and the Web,researchgate.net,https://www.researchgate.net/profile/Laura_Gurak/publication/228734979_An_examination_of_trust_production_in_computer-mediated_exchange/links/53e276ef0cf2b9d0d8309cbd/An-examination-of-trust-production-in-computer-mediated-exchange.pdf,"https://scholar.google.com/scholar?cites=16182898549820766155&as_sdt=2005&sciodt=0,5&hl=en",36,43,2.26,14,3,19,"In this paper, we apply principles of trust derived mostly from interpersonal communication and human-computer interaction research to computer-mediated exchange (CME). We define key terms and synthesize relevant literature identifying four sources and seven …"
42,"BP Bailey, JA Konstan, JV Carlis",Supporting multimedia designers: Towards more effective design tools,2001,Proceedings of Multimedia …,orchid.cs.illinois.edu,https://orchid.cs.illinois.edu/publications/mmm-2001.pdf,"https://scholar.google.com/scholar?cites=797908779172917217&as_sdt=2005&sciodt=0,5&hl=en",37,42,2.21,14,3,19,"Current multimedia tools have fallen short of meeting the unique needs of a multimedia designer, presumably due to a misunderstanding of what those unique needs actually are. To better understand a designer's needs and practices, we interviewed (12) and surveyed …"
42,"EMT Lau, N Iyer, R Ilsar, BP Bailey, MR Adams…",Abnormal pulmonary artery stiffness in pulmonary arterial hypertension: in vivo study with intravascular ultrasound,2012,PLoS One,ncbi.nlm.nih.gov,https://www.ncbi.nlm.nih.gov/pmc/articles/PMC3316557/,"https://scholar.google.com/scholar?cites=9277173272400329071&as_sdt=2005&sciodt=0,5&hl=en",38,42,5.25,7,6,8,Background There is increasing recognition that pulmonary artery stiffness is an important determinant of right ventricular (RV) afterload in pulmonary arterial hypertension (PAH). We used intravascular ultrasound (IVUS) to evaluate the mechanical properties of the elastic …
41,"CK Wong, SB Freedman, G Bautovich…",Mechanism and significance of precordial ST-segment depression during inferior wall acute myocardial infarction associated with severe narrowing of the dominant …,1993,American Journal of …,ajconline.org,https://www.ajconline.org/article/0002-9149(93)90567-V/fulltext,"https://scholar.google.com/scholar?cites=668050652310329019&as_sdt=2005&sciodt=0,5&hl=en",39,41,1.52,10,4,27,The mechanism and significance of precordial ST depression during inferior wall acute myocardial infarction (AMI) is debated. This study assessed the location and extent of arterial perfusion distribution responsible for this electrocardiographic finding. Intracoronary …
40,"RS Thompson, EM Rantanen, W Yurcik…",Command line or pretty lines? Comparing textual and visual interfaces for intrusion detection,2007,Proceedings of the …,dl.acm.org,https://dl.acm.org/doi/abs/10.1145/1240624.1240807,"https://scholar.google.com/scholar?cites=16662908703255336132&as_sdt=2005&sciodt=0,5&hl=en",40,40,3.08,10,4,13,Intrusion detection (ID) is one of network security engineers' most important tasks. Textual (command-line) and visual interfaces are two common modalities used to support engineers in ID. We conducted a controlled experiment comparing a representative textual and visual …
40,"M Mizutani, SB Freedman, E Barns…",ST monitoring for myocardial ischemia during and after coronary angioplasty,1990,The American journal of …,Elsevier,https://www.sciencedirect.com/science/article/pii/000291499090691S,"https://scholar.google.com/scholar?cites=17064148148465702233&as_sdt=2005&sciodt=0,5&hl=en",41,40,1.33,10,4,30,"We performed 12-lead electrocardiographic monitoring in 97 patients during coronary angioplasty (PTCA) of a single vessel to correlate ischemic ST changes with clinical, angiographic and coronary hemodynamic variables and to determine the optimum lead or …"
39,"BP Bailey, LJ Gurak, JA Konstan",Trust in cyberspace,2003,Human factors and Web …,books.google.com,https://books.google.com/books?hl=en&lr=&id=sKvi5fVL-uAC&oi=fnd&pg=PA311&dq=%22brian+p+bailey%22&ots=j7ZLwcBCLl&sig=vaxQL5W2hb1Oxt-6ZOL3wpsmN9U,"https://scholar.google.com/scholar?cites=7443584673715200553&as_sdt=2005&sciodt=0,5&hl=en",43,39,2.29,13,3,17,Trust plays a critical role when a user assesses the believability of online information or when selecting an exchange site from which to purchase a product. Users will not believe or participate in a transaction with those whom they do not trust. When a design team develops …
38,"JT Biehl, BP Bailey",Improving interfaces for managing applications in multiple-device environments,2006,Proceedings of the working conference on …,dl.acm.org,https://dl.acm.org/doi/abs/10.1145/1133265.1133273,"https://scholar.google.com/scholar?cites=2737173860793151978&as_sdt=2005&sciodt=0,5&hl=en",42,38,2.71,19,2,14,"Productive collaboration in a multiple-device environment (MDE) requires an effective interface for efficiently managing applications among devices. Though many interfaces exist, there is little empirical understanding of how they affect collaboration. This paper reports …"
35,"BP Bailey, JT Biehl, DJ Cook, HE Metcalf",Adapting paper prototyping for designing user interfaces for multiple display environments,2008,Personal and Ubiquitous …,Springer,https://link.springer.com/article/10.1007/s00779-007-0147-2,"https://scholar.google.com/scholar?cites=12245896249482200161&as_sdt=2005&sciodt=0,5&hl=en",44,35,2.92,9,4,12,"A multiple display environment (MDE) networks personal and shared devices to form a virtual workspace, and designers are just beginning to grapple with the challenges of developing interfaces tailored for these environments. To develop effective interfaces for …"
34,"BP Bailey, SY Tettegah, TJ Bradley",Clover: Connecting technology and character education using personally-constructed animated vignettes,2006,Interacting with computers,academic.oup.com,https://academic.oup.com/iwc/article-abstract/18/4/793/913621,"https://scholar.google.com/scholar?cites=1133595044369589712&as_sdt=2005&sciodt=0,5&hl=en",45,34,2.43,11,3,14,Schools are increasingly integrating character education to facilitate improved moral thinking and pro social behavior among students. An effective method for delivering character education is problem solving moral and social situations represented visually as …
30,"BP Bailey, JA Konstan, JV Carlis",Adjusting windows: Balancing information awareness with intrusion,2000,… of the 6th Conference on Human …,interruptions.net,https://www.interruptions.net/literature/Bailey-HFWeb00.pdf,"https://scholar.google.com/scholar?cites=17067875663733278619&as_sdt=2005&sciodt=0,5&hl=en",46,30,1.5,10,3,20,"ABSTRACT The World Wide Web has quickly become a primary source of information for a variety of real-time topics, such as news headlines, stock market data, sports scores, and weather forecasts. However, achieving a high degree of awareness for this real-time …"
27,"DJ Cook, BP Bailey",Designers' use of paper and the implications for informal tools,2005,Proceedings of the 17th Australia conference on …,dl.acm.org,https://dl.acm.org/citation.cfm?id=1108402,"https://scholar.google.com/scholar?cites=8997104931897975718&as_sdt=2005&sciodt=0,5&hl=en",47,27,1.8,14,2,15,"While informal tools can benefit early design, their use requires that a designer surrender the richer affordances of physical tools. To better understand the importance of physical tools for early design, we conducted contextual interviews with twelve designers. We found …"
24,"SR Miller, BP Bailey, A Kirlik",Exploring the utility of Bayesian truth serum for assessing design knowledge,2014,Human–Computer Interaction,Taylor & Francis,https://www.tandfonline.com/doi/abs/10.1080/07370024.2013.870393?casa_token=eVcZllV6doQAAAAA:0miCR1RsZCNaOGX1NbKyIdKpcHD-lH9SPuMwOLBWGtYdlt8G30Owdw9zntqvLGc3G0y3MdH5nM6xfQ,"https://scholar.google.com/scholar?cites=8510903183771936526&as_sdt=2005&sciodt=0,5&hl=en",48,24,4,8,3,6,"Expanding and improving design knowledge is a vital part of higher education due to the growing demand for employees who can think both critically and creatively. However, developing effective methods for assessing what students have learned in design courses is …"
21,"MJ Flider, BP Bailey",An evaluation of techniques for controlling focus+ context screens,2004,Proceedings of Graphics Interface 2004,dl.acm.org,https://dl.acm.org/citation.cfm?id=1006075,"https://scholar.google.com/scholar?cites=1031399676461434729&as_sdt=2005&sciodt=0,5&hl=en",49,21,1.31,11,2,16,We evaluated four techniques for controlling focus+ context screens. We compared an egocentric versus exocentric View mixed with whether the display on the focus screen moves in the same (paper mapping) versus opposite (scroll mapping) direction as imput …
21,"TH Marwick, B Bastian, CF Hughes…",Mitral stenosis in the Maroteaux-Lamy syndrome: a treatable cause of dyspnoea.,1992,Postgraduate medical …,pmj.bmj.com,https://pmj.bmj.com/content/68/798/287.short,"https://scholar.google.com/scholar?cites=10582952497954851121&as_sdt=2005&sciodt=0,5&hl=en",50,21,0.75,5,4,28,The case is reported of a young woman with the Maroteaux-Lamy syndrome (mucopolysaccharidosis type VI) who presented with rapidly progressive dyspnoea due to mitral stenosis. Mitral valve replacement was performed and the appearance of the valve …
20,"A Xu, BP Bailey",A crowdsourcing model for receiving design critique,2011,CHI'11 Extended Abstracts on Human Factors in …,dl.acm.org,https://dl.acm.org/doi/abs/10.1145/1979742.1979745,"https://scholar.google.com/scholar?cites=16403867911953817375&as_sdt=2005&sciodt=0,5&hl=en",51,20,2.22,10,2,9,"Designers in many domains are increasingly turning to online communities to receive critiques of early design ideas. However, members of these communities may not contribute an effective critique due to limited skills, motivation, or time, and therefore many critiques …"
19,"E Foong, SP Dow, BP Bailey, EM Gerber",Online feedback exchange: A framework for understanding the socio-psychological factors,2017,Proceedings of the 2017 CHI …,dl.acm.org,https://dl.acm.org/doi/abs/10.1145/3025453.3025791,"https://scholar.google.com/scholar?cites=14907397214174078482&as_sdt=2005&sciodt=0,5&hl=en",52,19,6.33,5,4,3,"To meet the demand for authentic, timely, and affordable feedback, researchers have explored technologies to connect designers with feedback providers online. While researchers have implemented mechanisms to improve the content of feedback, most …"
17,"A Cannon, SB Freedman, BP Bailey…",ST-segment changes during transmural myocardial ischemia in chronic left bundle branch block,1989,The American journal of …,Elsevier,https://www.sciencedirect.com/science/article/pii/0002914989908862,"https://scholar.google.com/scholar?cites=12661327063558424900&as_sdt=2005&sciodt=0,5&hl=en",53,17,0.55,4,4,31,"The electrocardiographic diagnosis of acute myocardial infarction is difficult in the presence of left bundle branch block (BBB). The accuracy of electrocardiographic criteria derived from studies using either creatine kinase estimation, 1–5 autopsy findings 2–4 or thallium-201 …"
17,"BP Bailey, CW Busbey, ST Iqbal",TAPRAV: An interactive analysis tool for exploring workload aligned to models of task execution,2007,Interacting with Computers,academic.oup.com,https://academic.oup.com/iwc/article-abstract/19/3/314/798288,"https://scholar.google.com/scholar?cites=3150421006353241925&as_sdt=2005&sciodt=0,5&hl=en",54,17,1.31,6,3,13,"Pupillary response is a valid indicator of mental workload and is being increasingly leveraged to identify lower cost moments for interruption, evaluate complex interfaces, and develop further understanding of psychological processes. Existing tools are not sufficient …"
16,"BN Smith, A Xu, BP Bailey",Improving interaction models for generating and managing alternative ideas during early design work,2010,Proceedings of Graphics Interface 2010,Citeseer,http://citeseerx.ist.psu.edu/viewdoc/download?doi=10.1.1.699.8873&rep=rep1&type=pdf,"https://scholar.google.com/scholar?cites=4081658285332525902&as_sdt=2005&sciodt=0,5&hl=en",55,16,1.6,5,3,10,"ABSTRACT A principle of early design work is to generate and manage multiple ideas, as this fosters creative insight. As computer tools are being increasingly used for early design work, it is critical to understand how their interaction models affect idea management. This …"
16,"YCG Yen, SP Dow, E Gerber, BP Bailey","Listen to others, listen to yourself: Combining feedback review and reflection to improve iterative design",2017,Proceedings of the 2017 ACM …,dl.acm.org,https://dl.acm.org/doi/abs/10.1145/3059454.3059468,"https://scholar.google.com/scholar?cites=13198331250483643507&as_sdt=2005&sciodt=0,5&hl=en",59,16,5.33,4,4,3,"Feedback from diverse audiences can contain ambiguity and contradictions, making it difficult to interpret and act on. To promote deeper interpretation of feedback, we tested the effects of combining a reflection activity and reviewing external feedback for an iterative …"
15,"M Sharmin, BP Bailey",ReflectionSpace: an interactive visualization tool for supporting reflection-on-action in design,2013,Proceedings of the 9th ACM Conference on …,dl.acm.org,https://dl.acm.org/doi/abs/10.1145/2466627.2466645,"https://scholar.google.com/scholar?cites=18229763842145869621&as_sdt=2005&sciodt=0,5&hl=en",56,15,2.14,8,2,7,"ABSTRACT Reflection-in-and-on-action are key elements of creative design. While reflection-in-action has been often studied, reflection-on-action has received less attention. In this paper, we fill this gap by first reporting results from in-depth interviews (N= 12) with …"
15,"SR Herring, CM Poon, GA Balasi…",TweetSpiration: leveraging social media for design inspiration,2011,CHI'11 Extended Abstracts …,dl.acm.org,https://dl.acm.org/doi/abs/10.1145/1979742.1979923,"https://scholar.google.com/scholar?cites=17294511515027554568&as_sdt=2005&sciodt=0,5&hl=en",57,15,1.67,4,4,9,"ABSTRACT We present TweetSpiration, a Web-based application that leverages social media to inspire new search directions on the Web. TweetSpiration can be used at any time, but it is particularly beneficial when designers have difficulty developing new search terms …"
15,"RZ Moghaddam, BP Bailey, C Poon",Ideatracker: an interactive visualization supporting collaboration and consensus building in online interface design discussions,2011,IFIP Conference on Human …,Springer,https://link.springer.com/chapter/10.1007/978-3-642-23774-4_23,"https://scholar.google.com/scholar?cites=7731286207430161549&as_sdt=2005&sciodt=0,5&hl=en",58,15,1.67,5,3,9,"With the rapid growth of open source and other geographically distributed software projects, more interface design discussions are occurring online. Participation in such discussions typically occurs via issue management systems or similar interactive discussion forums …"
14,"JT Biehl, BP Bailey",Improving scalability and awareness in iconic interfaces for multiple-device environments,2006,Proceedings of the working conference on …,dl.acm.org,https://dl.acm.org/doi/abs/10.1145/1133265.1133283,"https://scholar.google.com/scholar?cites=6760850868334467487&as_sdt=2005&sciodt=0,5&hl=en",60,14,1,7,2,14,"Iconic interfaces offer a promising interaction metaphor for effectively managing applications in multi-device environments. However, current implementations scale poorly for even a modest number of applications and do not allow users to maintain adequate awareness of …"
14,"JT Biehl, BP Bailey",A toolset for creating iconic interfaces for interactive workspaces,2005,IFIP Conference on Human-Computer Interaction,Springer,https://link.springer.com/chapter/10.1007/11555261_56,"https://scholar.google.com/scholar?cites=2425793047902625547&as_sdt=2005&sciodt=0,5&hl=en",61,14,0.93,7,2,15,"To work productively in an interactive workspace, users need effective interfaces for seamlessly sharing, annotating, and juxtaposing digital information across heterogeneous devices. In this paper, we present an interface toolset for constructing and using iconic …"
13,"M Krause, T Garncarz, JJ Song, EM Gerber…",Critique style guide: Improving crowdsourced design feedback with a natural language model,2017,Proceedings of the …,dl.acm.org,https://dl.acm.org/doi/abs/10.1145/3025453.3025883,"https://scholar.google.com/scholar?cites=10341140777139994646&as_sdt=2005&sciodt=0,5&hl=en",62,13,4.33,3,5,3,"Designers are increasingly leveraging online crowds; yet, online contributors may lack the expertise, context, and sensitivity to provide effective critique. Rubrics help feedback providers but require domain experts to write them and may not generalize across design …"
13,"YC Yen, SP Dow, E Gerber, BP Bailey","Social network, web forum, or task market? Comparing different crowd genres for design feedback exchange",2016,… of the 2016 ACM Conference on …,dl.acm.org,https://dl.acm.org/doi/abs/10.1145/2901790.2901820,"https://scholar.google.com/scholar?cites=16027098861535701886&as_sdt=2005&sciodt=0,5&hl=en",63,13,3.25,3,4,4,"Increasingly, designers seek feedback on their designs from crowd platforms such as social networks, Web forums, and paid task markets which demand different amounts of social capital, financial resources, and time. Yet it is unknown how the choice of crowd platform …"
11,"PD Adamczyk, K Hamilton, MB Twidale…",Tools in support of creative collaboration,2007,Proceedings of the 6th …,dl.acm.org,https://dl.acm.org/doi/abs/10.1145/1254960.1255010,"https://scholar.google.com/scholar?cites=10697886114370261962&as_sdt=2005&sciodt=0,5&hl=en",64,11,0.85,3,4,13,"Creativity support tools are set an especially difficult task when they are applied to art/science collaboration. Not because of any fundamental incompatibility between the disciplines, but because creativity support tools are rarely supple enough to manage …"
10,"AD Abhyankar, G Luyue…","Stent implantation in severely angulated lesions: Safety, efficacy, and morphological remodelling",1997,Catheterization and …,Wiley Online Library,https://onlinelibrary.wiley.com/doi/abs/10.1002/(SICI)1097-0304(199703)40:3%3C261::AID-CCD8%3E3.0.CO;2-8?casa_token=n0gWLb3LZsUAAAAA:9y3OKSrZG9RNLqbmCc8gw9VjZerpLHzZDZUWmM7YfcbashHyDWXPUPYmbQKxG7PjtJQRwXCdUoTA64Q2,"https://scholar.google.com/scholar?cites=9895822217410368977&as_sdt=2005&sciodt=0,5&hl=en",65,10,0.43,3,3,23,"Balloon angioplasty of severely angulated lesions is associated with a higher complication rate and lower success rate compared with non‐angulated lesions. Whether this is true also of stenting such lesions is not known, nor has the alteration of vessel morphology produced …"
10,"M Sharmin, BP Bailey",Making sense of communication associated with artifacts during early design activity,2011,IFIP Conference on Human-Computer Interaction,Springer,https://link.springer.com/chapter/10.1007/978-3-642-23774-4_17,"https://scholar.google.com/scholar?cites=9546298367823290497&as_sdt=2005&sciodt=0,5&hl=en",66,10,1.11,5,2,9,"Communication associated with artifacts serves a critical role in the creation, refinement, and selection of conceptual ideas. Despite the close relationship between ideas and surrounding communication, effective integration ofthese two types of design materials are …"
10,"PD Adamczyk, K Hamilton, MB Twidale…",Hci and new media arts: methodology and evaluation,2007,CHI'07 Extended …,dl.acm.org,https://dl.acm.org/doi/abs/10.1145/1240866.1241084,"https://scholar.google.com/scholar?cites=10999482748708857194&as_sdt=2005&sciodt=0,5&hl=en",68,10,0.77,3,4,13,"ABSTRACT Successful collaborations between New Media Arts and HCI tend to develop hybrid techniques that promote balanced contributions from both disciplines. However, since many of these collaborations are one-off or highly dependent on the researchers/artists …"
9,"BP Bailey, JA Konstan",Authoring interactive media,2000,"… , New York, NY: John Wiley & Sons",orchid.cs.illinois.edu,http://orchid.cs.illinois.edu/publications/bailey-authoring-encyc-2001.pdf,"https://scholar.google.com/scholar?cites=11119972331617260132&as_sdt=2005&sciodt=0,5&hl=en",67,9,0.45,5,2,20,"Multimedia presentations utilize content derived from a variety of information sources in order to convey a message to a viewer. Examples of multimedia content include recorded and synthesized audio, video, still images, bitmap and vector graphics, animations, and text …"
9,"R Zilouchian Moghaddam, Z Nicholson…",Procid: Bridging consensus building theory with the practice of distributed design discussions,2015,Proceedings of the 18th …,dl.acm.org,https://dl.acm.org/doi/abs/10.1145/2675133.2675272,"https://scholar.google.com/scholar?cites=6442896793956434660&as_sdt=2005&sciodt=0,5&hl=en",70,9,1.8,3,3,5,"Consensus is a desired but elusive goal in many distributed discussions. A critical problem is that discussion platforms lack mechanisms for realizing consensus strategies and realizing these strategies without tool support can be hard. This paper introduces Procid, a …"
8,"R Deloatch, BP Bailey, A Kirlik, C Zilles",I need your encouragement! Requesting supportive comments on social media reduces test anxiety,2017,… of the 2017 CHI Conference on …,dl.acm.org,https://dl.acm.org/doi/abs/10.1145/3025453.3025709,"https://scholar.google.com/scholar?cites=10450900241741268399&as_sdt=2005&sciodt=0,5&hl=en",69,8,2.67,2,4,3,Many students underperform on exams due to experiencing high test anxiety. We report on a study comparing a novel intervention of seeking support from one's social network to the more common approaches of expressive writing and studying task-relevant materials for …
8,"S Tettegah, BP Bailey, K Taylor",Clover: Narratives and simulations in virtual environments,2007,The Journal of Negro Education,JSTOR,https://www.jstor.org/stable/40026329?casa_token=_uC_m7nEIhIAAAAA:T4lyzP5JHApOYiJgNrOY9ybftsOu6Kl-LPfZ6l8zy_oSRYGTnQf9DSAiZ_eQ-xxZJ5W2uoWXDumGZGFVLvjrB52sc-oBUUOevV4ulumEF-FZZAfPUvLQ,"https://scholar.google.com/scholar?cites=8608156346070547497&as_sdt=2005&sciodt=0,5&hl=en",71,8,0.62,3,3,13,"This article presents a newly developed software application (Clover) for constructing animated narrative vignette. Results from a semester-long field study with 69 elementary pre-service teachers are reported, including, two complete examples of animated narrative …"
8,"SR Miller, BP Bailey",Searching for inspiration: An in-depth look at designers example finding practices,2014,ASME 2014 International …,asmedigitalcollection.asme.org,https://asmedigitalcollection.asme.org/IDETC-CIE/proceedings-abstract/IDETC-CIE2014/46407/V007T07A035/256890,"https://scholar.google.com/scholar?cites=3359108956165520562&as_sdt=2005&sciodt=0,5&hl=en",72,8,1.33,4,2,6,"Designers frequently use examples during the design process as a way to provide a visual framework, allow for reinterpretation and allow for evaluation of design ideas. Although the use of examples is an important part of the design process, little is known about how …"
6,"ST Iqbal, PD Adamczyk, XS Zheng, BP Bailey",Towards an index of opportunity: Understanding changes in mental workload during task execution,2004,,ideals.illinois.edu,http://www.ideals.illinois.edu/handle/2142/10809,"https://scholar.google.com/scholar?cites=8873866626827899068&as_sdt=2005&sciodt=0,5&hl=en",73,6,0.38,2,4,16,"To contribute to systems that reason about human attention, our work empirically demonstrates how a user's mental workload changes during task execution. We conducted a study where users performed an interactive hierarchical task and measured mental …"
6,BP Bailey,"Iqbal. Shamsi T.(2007),“Understanding Changes in Mental Workload during Execution of Goal-directed Tasks and its Application for Interruption …",,ACM Transactions on Computer-Human Interaction,,,"https://scholar.google.com/scholar?cites=9029231866233274830&as_sdt=2005&sciodt=0,5&hl=en",74,6,0,6,1,,
6,"A Venkataswamy, R Sodhi, Y Abdildin…",Groupware for design: An interactive system to facilitate creative processes in team design work,2009,2009 42nd Hawaii …,ieeexplore.ieee.org,https://ieeexplore.ieee.org/abstract/document/4755349/,"https://scholar.google.com/scholar?cites=8068803047716193836&as_sdt=2005&sciodt=0,5&hl=en",75,6,0.55,2,4,11,Creativity as modeled using the recluse genius paradigm fails to recognize the necessity and value of the collaborative aspects involved. Enhancing the creative output of teams will become more and more necessary as the complexity of problems increases; this is …
6,"YW Wu, BP Bailey",Novices Who Focused or Experts Who Didn't?,2016,Proceedings of the 2016 CHI Conference on Human …,dl.acm.org,https://dl.acm.org/doi/abs/10.1145/2858036.2858330,"https://scholar.google.com/scholar?cites=5352280231737827246&as_sdt=2005&sciodt=0,5&hl=en",76,6,1.5,3,2,4,"Crowd feedback services offer a new method for acquiring feedback during design. A key problem is that the services only return the feedback without any cues about the people who provided it. In this paper, we investigate two cues of a feedback provider--the effort invested …"
6,"M Sharmin, BP Bailey",""" I reflect to improve my design"" investigating the role and process of reflection in creative design",2011,Proceedings of the 8th ACM conference on …,dl.acm.org,https://dl.acm.org/doi/abs/10.1145/2069618.2069710,"https://scholar.google.com/scholar?cites=8218731218366677687&as_sdt=2005&sciodt=0,5&hl=en",77,6,0.67,3,2,9,"Reflection is an integral part of the creative design process. However, reflection is often considered as an enigmatic, un-orderly, and irregular process, leading to a lack of support from existing design and creativity support tools. Through a contextual inquiry (N= 12) of …"
6,"A Safonov, JV Carlis, BP Bailey",Extending Traces with OAT: An Object Attribute Trace Package for Tcl/Tk.,1997,Tcl/Tk Workshop,usenix.org,https://www.usenix.org/publications/library/proceedings/tcl97/full_papers/safonov/safonov.pdf,"https://scholar.google.com/scholar?cites=13493572586877957833&as_sdt=2005&sciodt=0,5&hl=en",78,6,0.26,2,3,23,"Tcl supports variable traces, which associate arbitrary scripts with variable reads, writes and unsets. We developed OAT (Object Attribute Traces), a protocol for extending traces to attributes of arbitrary Tcl “objects.” We wrote several OAT-based extensions including …"
6,"BP Bailey, LJ Gurak, JA Konstan",Do you trust me? An examination of trust in computer-mediated exchange,2000,available at http:/www. isc. umn. edu …,Citeseer,http://citeseerx.ist.psu.edu/viewdoc/download?doi=10.1.1.202.4085&rep=rep1&type=pdf,"https://scholar.google.com/scholar?cites=446616297420015040&as_sdt=2005&sciodt=0,5&hl=en",79,6,0.3,2,3,20,"Trust plays a critical role in our everyday lives from interpersonal communication to buyer-seller exchanges. Yet the concept of trust within the unique context of computer-mediated exchange (CME) has received little attention. To offer a theoretical contribution, we define …"
6,"GJ Martínez, BP Bailey…",A safe and easy technique to sample the coronary sinus—facilitating a closer look at cardiac disease,2014,International …,internationaljournalofcardiology.com,https://www.internationaljournalofcardiology.com/article/S0167-5273(14)01361-8/abstract,"https://scholar.google.com/scholar?cites=1652598883494587622&as_sdt=2005&sciodt=0,5&hl=en",85,6,1,2,3,6,"The measurement of cardiac specific biomarkers has greatly enhanced our understanding of the pathogenesis of cardiovascular disease, as well as guiding both response to therapy and prognosis [1]. Although systemic levels of these biomarkers are usually measured, they …"
6,"PA Crain, BP Bailey",Share Once or Share Often? Exploring How Designers Approach Iteration in a Large Online Community,2017,Proceedings of the 2017 ACM SIGCHI Conference …,dl.acm.org,https://dl.acm.org/doi/abs/10.1145/3059454.3059476,"https://scholar.google.com/scholar?cites=827568158503809260&as_sdt=2005&sciodt=0,5&hl=en",86,6,2,3,2,3,"Iteration prompted by feedback is fundamental to creative design. Designers often use online communities to gather feedback, but there is little knowledge of how designers use these communities to iterate on their work. We studied iterative design practice in three …"
5,"H Wauck, YC Yen, WT Fu, E Gerber, SP Dow…",From in the class or in the wild? Peers provide better design feedback than external crowds,2017,Proceedings of the …,dl.acm.org,https://dl.acm.org/doi/abs/10.1145/3025453.3025477,"https://scholar.google.com/scholar?cites=17701944700042445643&as_sdt=2005&sciodt=0,5&hl=en",80,5,1.67,1,6,3,"As demand for design education increases, instructors are struggling to provide timely, personalized feedback for student projects. Gathering feedback from classroom peers and external crowds offer scalable approaches, but there is little evidence of how they compare …"
5,"M McGrady, P Thanyasiri, BP Bailey…",Determinants of coronary arterial flow‐mediated dilatation following percutaneous coronary intervention,2008,Catheterization and …,Wiley Online Library,https://onlinelibrary.wiley.com/doi/abs/10.1002/ccd.21375?casa_token=QV4I9uJur1MAAAAA:a-uE0zXoABmD6WXA7n-NsM5yRsaCCkKTrcspJSho43BkUljkcsM4gXQ4ndE3iTW_ma-LvSp1R6nRe2j5,"https://scholar.google.com/scholar?cites=5440026027012930516&as_sdt=2005&sciodt=0,5&hl=en",81,5,0.42,1,4,12,"Objective: It has previously been observed that coronary diameter may increase following relief of flow‐limiting obstruction. Flow mediated dilatation (FMD) is a fundamental adaptive mechanism for arteries, which is dependent on intact endothelial function. We thus aimed to …"
5,"D Benbassat, TR Underwood, BP Bailey…",Empirical and Perceived Utility of Text Boxes.,2008,College Student …,search.ebscohost.com,http://search.ebscohost.com/login.aspx?direct=true&profile=ehost&scope=site&authtype=crawler&jrnl=01463934&AN=34262684&h=y98tKS%2Bwn676s2QDxkESHRJRLk30tiL3vLQMm5EVgjUEsygTCfgJoGWsLrVrOqTk4OoaW3dCy%2F7KIOvh4EbEgA%3D%3D&crl=c,"https://scholar.google.com/scholar?cites=16851171642739152930&as_sdt=2005&sciodt=0,5&hl=en",82,5,0.42,1,4,12,"This paper presents 2 studies that investigated the utility of textbook boxes. In the first study, 230 participants completed a perception questionnaire. The major finding was that professors and students rarely studied boxed text. In the second study, 177 participants read …"
5,"EM Hastings, F Jahanbakhsh, K Karahalios…",Structure or nurture? the effects of team-building activities and team composition on team outcomes,2018,Proceedings of the …,dl.acm.org,https://dl.acm.org/doi/abs/10.1145/3274337,"https://scholar.google.com/scholar?cites=11828862437860013739&as_sdt=2005&sciodt=0,5&hl=en",83,5,2.5,1,4,2,"How can instructors group students into teams that interact and learn effectively together? One strand of research advocates for grouping students into teams with"" good"" compositions such as skill diversity. Another strand argues for deploying team-building activities to foster …"
5,"BP Bailey, JA Konstan",Nsync-A Constraint Based Toolkit for Multimedia.,1997,Tcl/Tk Workshop,static.usenix.org,https://static.usenix.org/publications/library/proceedings/tcl97/full_papers/bailey/bailey.pdf,"https://scholar.google.com/scholar?cites=615168694946300249&as_sdt=2005&sciodt=0,5&hl=en",84,5,0.22,3,2,23,"Abstract Nsync (pronounced 'in-sync') is a declarative multimedia synchronization toolkit, implemented entirely in Tcl, designed to ease the complexity of designing innovative, interactive multimedia applications. Nsync does not represent a new multimedia …"
5,"R Deloatch, BP Bailey, A Kirlik",Measuring Effects of Modality on Perceived Test Anxiety for Computer Programming Exams,2016,Proceedings of the 47th ACM Technical …,dl.acm.org,https://dl.acm.org/doi/abs/10.1145/2839509.2844604,"https://scholar.google.com/scholar?cites=15218909941484770366&as_sdt=2005&sciodt=0,5&hl=en",87,5,1.25,2,3,4,The modality students use to complete programming-centric exams is shifting from paper to computer. We developed and distributed a survey to investigate how exam modality affects student perceptions of test anxiety and performance during programming-centric exams. We …
4,"R Ilsar, BP Bailey, TA Dobbins…",The relationship between pulmonary artery and pulmonary capillary wedge pressure for the diagnosis of pulmonary vascular disease,2010,"Heart, Lung and Circulation",Elsevier,https://www.sciencedirect.com/science/article/pii/S144395060901004X,"https://scholar.google.com/scholar?cites=8365777718722523795&as_sdt=2005&sciodt=0,5&hl=en",88,4,0.4,1,4,10,"Background Left heart disease and pulmonary vascular disease (PVD) both lead to raised pulmonary artery pressure (PAP) but differ in pathophysiology, prognosis and treatment. There are currently no criteria for diagnosing PVD in the presence of left heart disease. We …"
4,"DJ Cook, HE Metcalf, BP Bailey",SCWID: A tool for supporting creative work in design,2005,,ideals.illinois.edu,http://www.ideals.illinois.edu/handle/2142/11010,"https://scholar.google.com/scholar?cites=13733933587129890242&as_sdt=2005&sciodt=0,5&hl=en",89,4,0.27,1,3,15,"Computer tools offer enormous benefits for the early design process such as remote collaboration, advanced visualiza-tion, and the ability to run a design. However, current tools fail to support many elements of creative problem solving, inhibiting the early design …"
4,"YW Wu, BP Bailey",Bitter Sweet or Sweet Bitter? How Valence Order and Source Identity Influence Feedback Acceptance,2017,Proceedings of the 2017 ACM SIGCHI Conference …,dl.acm.org,https://dl.acm.org/doi/abs/10.1145/3059454.3059458,"https://scholar.google.com/scholar?cites=5207344715580037013&as_sdt=2005&sciodt=0,5&hl=en",93,4,1.33,2,2,3,"Content creators are less receptive to feedback with negative valence, and such feedback is frequently received online. To address this problem, we propose a novel method that orders a set of feedback based on its valence; using the feedback with positive valence to mitigate …"
3,"JT Biehl, BP Bailey","A scalable, portal-based interface for managing applications in interactive workspaces",2005,,ideals.illinois.edu,http://www.ideals.illinois.edu/handle/2142/10995,"https://scholar.google.com/scholar?cites=3633030159218542703&as_sdt=2005&sciodt=0,5&hl=en",90,3,0.2,2,2,15,"Iconic interfaces have been used to enable users to visually manage applications in interactive workspaces. However, current implementations do not scale for larger numbers of applications and do not allow users to maintain adequate awareness of collaborator …"
3,"JT Biehl, BP Bailey",Interfaces for managing applications and input in multi-device environments,2006,Proceedings of the Workshop on pervasive …,researchgate.net,https://www.researchgate.net/profile/Jacob_Biehl/publication/228830317_Interfaces_for_managing_applications_and_input_in_multi-device_environments/links/09e41510307610b8a2000000.pdf,"https://scholar.google.com/scholar?cites=14834212895599603081&as_sdt=2005&sciodt=0,5&hl=en",91,3,0.21,2,2,14,"A multiple-device environment (MDE) is a physical workspace in which independent devices are networked through a software infrastructure [6, 11]. In an MDE, users should be able to create, exchange, and organize digital artifacts (documents, photos, Web pages, etc.) across …"
3,"BP Bailey, ST Iqbal",Leveraging changes in mental workload during task execution to mitigate effects of interruption,2005,,ideals.illinois.edu,http://www.ideals.illinois.edu/handle/2142/11088,"https://scholar.google.com/scholar?cites=7431001995994003184&as_sdt=2005&sciodt=0,5&hl=en",92,3,0.2,2,2,15,"Task interruption often has a significant negative impact on a user's productivity and affective state. Cognitive theorists have argued that interrupting the execution of primary tasks at moments of lower mental workload would mitigate effects of interruption, yet knowing just …"
3,"SR Krishna Kumaran, DC McDonagh…",Increasing Quality and Involvement in Online Peer Feedback Exchange,2017,Proceedings of the ACM …,dl.acm.org,https://dl.acm.org/doi/abs/10.1145/3134698,"https://scholar.google.com/scholar?cites=6511390910999364418&as_sdt=2005&sciodt=0,5&hl=en",103,3,1,1,3,3,"Design instructors are integrating the use of online peer review platforms to keep pace with growing class sizes. However, these platforms typically prioritize randomized peer assignment strategies and show only the current solution to peers when writing feedback …"
2,"PD Adamczyk, CW Busbey, BP Bailey",TAPRAV: A Tool for Exploring Physiological Data Aligned to Task Models,2005,,ideals.illinois.edu,http://www.ideals.illinois.edu/handle/2142/11016,"https://scholar.google.com/scholar?cites=949247356571433236&as_sdt=2005&sciodt=0,5&hl=en",94,2,0.13,1,3,15,"The use of continuous, physiological measures such as pupil size is becoming increasingly important in user interface design, attention management, and affective computing. While this data is best explored in context of ongoing task execution, existing information …"
2,"I Wilcox, PJ Fletcher, BP Bailey",Colour‐coded imaging of cardiac blood flow,1988,Medical Journal of Australia,Wiley Online Library,https://onlinelibrary.wiley.com/doi/abs/10.5694/j.1326-5377.1988.tb117837.x,"https://scholar.google.com/scholar?cites=4332722720559784996&as_sdt=2005&sciodt=0,5&hl=en",95,2,0.06,1,3,32,"Cardiac ultrasound, from its inception in the 19505 and its later development in the 196Os, progressively has provided increasingly detailed and useful information about cardiac structure and function, which culminated in the development of twodimensional real-time …"
2,"ST Iqbal, PD Adamczyk, XS Zheng…",Changes in mental workload during task execution,2004,Proceedings of the 17th …,academia.edu,http://www.academia.edu/download/45854639/p8-iqbal.pdf,"https://scholar.google.com/scholar?cites=12180147451650123744&as_sdt=2005&sciodt=0,5&hl=en",96,2,0.13,1,4,16,"To contribute to systems that reason about human attention, our work empirically demonstrates how a user's mental workload changes during task execution. We conducted a study where users performed an interactive hierarchical task and measured mental …"
2,"M Pietrowicz, D Chopra, A Sadeghi, P Chandra…",CrowdBand: An Automated Crowdsourcing Sound Composition System,2013,First AAAI Conference …,aaai.org,https://www.aaai.org/ocs/index.php/HCOMP/HCOMP13/paper/view/7514,"https://scholar.google.com/scholar?cites=5683497120664779243&as_sdt=2005&sciodt=0,5&hl=en",97,2,0.29,0,5,7,"CrowdBand, a sound composition system, demonstrates how a crowd can create works that meet requested criteria and fulfill the aesthetic character given by keyword description and examples. CrowdBand allows flexibility in music composition in terms of duration of the …"
2,"M Peryer, BP Bailey",A path out of the verification wilderness,2004,IEE Electronics Systems and Software,experts.illinois.edu,https://experts.illinois.edu/en/publications/a-path-out-of-the-verification-wilderness,"https://scholar.google.com/scholar?cites=6535720286340087583&as_sdt=2005&sciodt=0,5&hl=en",98,2,0.13,1,2,16,Functional verification enables to put together large and complex designs in short space of time which is focus of Electronic Design Automation (EDA) software industry. The black-box verification use only primary inputs and outputs of module which are used to determine …
2,"BP Bailey, JA Konstan, JV Carlis",DEMAIS,2001,Proceedings of the ninth ACM international …,,,"https://scholar.google.com/scholar?cites=14015076301278721800&as_sdt=2005&sciodt=0,5&hl=en",99,2,0.11,1,3,19,
2,"M Sharmin, BP Bailey",Online design discussion sites: emerging resource for creative design,2011,… Conference on Online Communities and Social …,Springer,https://link.springer.com/chapter/10.1007/978-3-642-21796-8_24,"https://scholar.google.com/scholar?cites=8900319709126940504&as_sdt=2005&sciodt=0,5&hl=en",100,2,0.22,1,2,9,"Online design discussion sites are a popular networking platform drawing thousands of designers from all around the globe. These sites show promise as emerging design resource by enabling designers to learn about design techniques and tools, share ideas and …"
2,"BP Bailey, JA Konstan","John, and John V. Carlis. 2001. Supporting Multimedia Designers: Towards More Effective Design Tools",,In Proc. Multimedia Modeling: Modeling Mutlimedia …,,,"https://scholar.google.com/scholar?cites=14212433160513503653&as_sdt=2005&sciodt=0,5&hl=en",101,2,0,1,2,,
2,BP Bailey,Computer Science 498bpb,1998,Psychology of HCI http://www-faculty. cs. uiuc. edu …,,,"https://scholar.google.com/scholar?cites=17774544492601508444&as_sdt=2005&sciodt=0,5&hl=en",102,2,0.09,2,1,22,
2,"YW Wu, BP Bailey","Soften the Pain, Increase the Gain: Enhancing Users' Resilience to Negative Valence Feedback",2018,Proceedings of the ACM on Human-Computer …,dl.acm.org,https://dl.acm.org/doi/abs/10.1145/3274455,"https://scholar.google.com/scholar?cites=3077262811530285339&as_sdt=2005&sciodt=0,5&hl=en",104,2,1,1,2,2,Content creators fear receiving unnecessarily harsh criticism when posting creative work in online platforms. We refer to feedback written in an unnecessary harsh tone as negative feedback. We conducted an online experiment to investigate the efficacy of three coping …
2,"M Vakilian, N Chen, S Negara, BA Rajkumar, BP Bailey…","Use, Disuse, and Misuse of Automated Refactorings (Extended Version)",2011,,ideals.illinois.edu,http://www.ideals.illinois.edu/handle/2142/27730,"https://scholar.google.com/scholar?cites=9074770193702428215&as_sdt=2005&sciodt=0,5&hl=en",105,2,0.22,0,6,9,"Though refactoring tools have been available for more than a decade, research has shown that programmers underutilize such tools. However, little is known about why programmers do not take advantage of these tools. We have conducted a field study on programmers in …"
1,"BP Bailey, N Sebe, A Hanjalic",Special section from the ACM Multimedia Conference 2007,2008,ACM Transactions on Multimedia …,dl.acm.org,https://dl.acm.org/doi/pdf/10.1145/1404880.1404881,"https://scholar.google.com/scholar?cites=237493451731786464&as_sdt=2005&sciodt=0,5&hl=en",106,1,0.08,0,3,12,This special section features extended and further reviewed versions of three best paper nominees (including the overall winner) from the ACM Multimedia Conference 2007. These articles therefore represent some of the more promising and influential research currently …
1,"DJ Cook, BP Bailey",Understanding Designers' Use of Paper in Early Design and its Implication for Informal Tools,2004,,ideals.illinois.edu,http://www.ideals.illinois.edu/handle/2142/10921,"https://scholar.google.com/scholar?cites=5315731151957147767&as_sdt=2005&sciodt=0,5&hl=en",107,1,0.06,1,2,16,"While informal tools can benefit early design, their use requires that a designer give up the richer affordances of physical tools such as paper. To better understand the importance of physical tools for early design, we conducted contextual interviews with twelve designers …"
1,"BP Bailey, CW Busbey",TAPRAV: a tool for exploring workload aligned to models of task execution,2006,Proceedings of the working conference on …,dl.acm.org,https://dl.acm.org/doi/abs/10.1145/1133265.1133360,"https://scholar.google.com/scholar?cites=13261184457557771919&as_sdt=2005&sciodt=0,5&hl=en",108,1,0.07,1,2,14,"Existing analysis tools are not sufficient for exploring pupillary response, as the data typically needs to be explored in relation to the corresponding task's execution. To address this need, we have developed an interactive visualization tool called TAPRAV. Key components …"
1,"JT Biehl, BP Bailey",Improving Interfaces for Collaborative Work in Multiple-Device Environments,2005,,ideals.illinois.edu,http://www.ideals.illinois.edu/handle/2142/11120,"https://scholar.google.com/scholar?cites=16741353847136185401&as_sdt=2005&sciodt=0,5&hl=en",109,1,0.07,1,2,15,"Productive collaboration in a Multiple-Device Environment (MDE) requires an effective interface to efficiently manage applications among devices. Though many interfaces exist, there is little empirical understanding of how they affect collaboration. This paper reports …"
1,"YW Wu, BP Bailey",Novices Who Focused or Experts Who Didn't? How Effort and Expertise Cues Affect Judgments of Crowd Work In,,Proceedings of the ACM Conference on …,pdfs.semanticscholar.org,https://pdfs.semanticscholar.org/afe6/330eca6978298e10f85b339e35af861a0317.pdf,"https://scholar.google.com/scholar?cites=3934684994978380927&as_sdt=2005&sciodt=0,5&hl=en",110,1,0,1,2,,"Page 1. NOVICES WHO FOCUSED OR EXPERTS WHO DIDN'T? HOW EFFORT AND EXPERTISE CUES AFFECT JUDGEMENT OF CROWD WORK Y. Wayne Wu, Brian Bailey University of Illinois at Urbana-Champaign Page 2. Using Online Crowds for Feedback Generation ▷ Empowerment ▷ …"
1,"AA Alamri, BP Bailey",Examination of the effectiveness of a criteria-based team formation tool,2018,2018 IEEE Frontiers in Education …,ieeexplore.ieee.org,https://ieeexplore.ieee.org/abstract/document/8658483/,"https://scholar.google.com/scholar?cites=5691453642759598191&as_sdt=2005&sciodt=0,5&hl=en",111,1,0.5,1,2,2,"In this Research Work in Progress Paper, we examine the effectiveness of CATME, a tool that implements a criteria-based team formation approach. The tool facilitates forming teams based on criteria like demographics, skills, and work styles. This information is collected …"
0,"R Jeremy, SB Prasad, W Ahmar, Y Malaiapan…",Lung and Circulation,,heartlungcirc.org,,https://www.heartlungcirc.org/article/S1443-9506(10)01550-7/abstract,,112,0,0,0,5,,"REVIEW 11 Drug-eluting Stents for the Treatment of Acute Myocardial Infarction: The View to the HORIZONS Sandhir B. Prasad, Walid Ahmar, Yuvaraj Malaiapan and Ian T. Meredith … ORIGINAL ARTICLES 19 Long-term Mortality After Primary Percutaneous Coronary Intervention …"
0,"P Thanyasiri, BP Bailey, D Breiger…",Restenosis in diabetic patients: Predictors of long-term success,2003,"Heart, Lung and …",heartlungcirc.org,https://www.heartlungcirc.org/article/S1443-9506(03)90364-7/abstract,,113,0,0,0,4,17,Background Restenosis following percutaneous coronary intervention (PCI) is common and continues to limit the long-term success of the procedure. Diabetic patients have a high incidence of complications and restenosis compared to the general population. Identification …
0,"GJ Martínez, J Molina, M Byrom, R Puranik…","How should I treat a complex critical left main bifurcation lesion in a patient with poor left ventricular function, an occluded dominant right coronary artery and severe …",2015,… : journal of EuroPCR …,ncbi.nlm.nih.gov,https://www.ncbi.nlm.nih.gov/pubmed/25692609,,114,0,0,0,5,5,"How should I treat a complex critical left main bifurcation lesion in a patient with poor left ventricular function, an occluded dominant right coronary artery and severe peripheral vascular disease … Martínez GJ(1), Molina J, Byrom M, Puranik R, Ng B, Bailey BP, Patel S, Dworakowski …"
0,"ST Iqbal, PD Adamczyk, XS Zheng, BP Bailey",Understanding Changes in Mental Workload during Task Execution,2004,,ideals.illinois.edu,http://www.ideals.illinois.edu/handle/2142/10901,,115,0,0,0,4,16,"To contribute to systems that reason about human attention, our work empirically demonstrates how a user's mental workload changes during task execution. We conducted a study where users performed interactive, hierarchical tasks while mental workload was …"
0,"C Drexelius, RU Talwalkar, B Cho, BP Bailey",SNARF Taxonomies for Sketching Novel and Realistic Functionality.,2005,SBM,orchid.cs.illinois.edu,http://orchid.cs.illinois.edu/publications/eurographics-2005-snarf.pdf,,116,0,0,0,4,15,"Paper prototyping is often used during the critical stage of early design. While paper prototyping requires a small time investment, it can fail to accurately convey the application's behavior. Existing computerized tools allow designers to express both appearance and …"
0,"JT Biehl, WT Baker, BP Bailey",An Application Framework Supporting Group-Based Software Development Activities,,researchgate.net,,https://www.researchgate.net/profile/Jacob_Biehl/publication/240725625_An_Application_Framework_Supporting_Group-Based_Software_Development_Activities/links/53ee27160cf26b9b7dc64cf2/An-Application-Framework-Supporting-Group-Based-Software-Development-Activities.pdf,,117,0,0,0,3,,"Existing tools do not adequately support the emerging practice of group-based software development, which is aimed at improving software quality. In this paper, we present a new, fully functional application framework called ClubDev. Our system allows developers to …"
0,"SR Miller, BP Bailey, A Kirlik",Towards the development of an objective assessment technique for use in engineering design education,2012,119th ASEE Annual …,pennstate.pure.elsevier.com,https://pennstate.pure.elsevier.com/en/publications/towards-the-development-of-an-objective-assessment-technique-for--2,,118,0,0,0,3,8,"Abstract Design is now considered to be the central or distinguishing activity of engineering and thus is being widely integrated throughout engineering education. However, engineering programs face special challenges in assessing student design abilities …"
0,"R Puranik, B Ng, BP Bailey, S Patel","How should I treat a complex critical left main bifurcation lesion in a patient with poor left ventricular function, an occluded dominant right coronary artery and …",2015,,researchgate.net,https://www.researchgate.net/profile/Javier_Molina-Martin_De_Nicolas/publication/272514818_How_should_I_treat_a_complex_critical_left_main_bifurcation_lesion_in_a_patient_with_poor_left_ventricular_function_an_occluded_dominant_right_coronary_artery_and_severe_peripheral_vascular_disease/links/569f763408ae4af52546a0d9/How-should-I-treat-a-complex-critical-left-main-bifurcation-lesion-in-a-patient-with-poor-left-ventricular-function-an-occluded-dominant-right-coronary-artery-and-severe-peripheral-vascular-disease.pdf,,119,0,0,0,4,5,"BACKGROUND: A 75-year-old male presented with an acute coronary syndrome. INVESTIGATION: cardiac MRI, coronary angiogram, CT scan, ECG, echocardiogram, laboratory investigations, physical examination. DIAGNOSIS: Severe three-vessel disease …"
0,"YCG Yen, JO Kim, BP Bailey",Decipher: An Interactive Visualization Tool for Interpreting Unstructured Design Feedback from Multiple Providers,2020,Proceedings of the 2020 CHI Conference …,dl.acm.org,https://dl.acm.org/doi/abs/10.1145/3313831.3376380,,120,0,0,0,3,1,"Feedback from diverse audiences can vary in focus, differ in structure, and contradict each other, making it hard to interpret and act on. While prior work has explored generating quality feedback, our work helps a designer interpret that feedback. Through a formative …"
0,"DJ Cook, JT Biehl, HE Metcalf, BP Bailey",Adapting Paper Prototyping Techniques for Interactive Workspaces,2005,,ideals.illinois.edu,http://www.ideals.illinois.edu/handle/2142/11084,,121,0,0,0,4,15,A key technique for evaluating early design ideas is the use of low-fidelity prototypes. Low-fidelity prototypes allow for rapid iterations that significantly improve the interface design with minimal investment of time and resources. Though these techniques are designed for use in …
0,"M Sharmin, BP Bailey",Reflecting on Reflection in Creative Design,2011,,ideals.illinois.edu,http://www.ideals.illinois.edu/handle/2142/27683,,122,0,0,0,2,9,"Reflection is an integral part of the creative design process. However, details of designers' reflective practices are less known, painting reflection as an enigmatic, un-orderly, and irregular process. This also resulted in design tools that offer little support for facilitating …"
0,"A Xu, BP Bailey",A system for receiving crowd feedback on visual designs,2014,Proceedings of the companion publication of the 17th …,dl.acm.org,https://dl.acm.org/doi/abs/10.1145/2556420.2556791,,123,0,0,0,2,6,"This paper proposes a demonstration of Voyant, a novel system giving users access to a non-expert crowd to receive structured feedback on the perceptions of their designs from a target audience. Voyant generates the elements seen in a design, the order in which …"
0,"DJ Cook, HE Metcalf, BP Bailey",Supporting Collaboration in Creative Design,2005,,ideals.illinois.edu,http://www.ideals.illinois.edu/handle/2142/11102,,124,0,0,0,3,15,"As design problems become more complex, there is an increasing need to build tools that support the intersection of collaboration, creativity, and design. Founded on design requirements taken from research in these three areas, we have created SCWID: a tool for …"
0,"JT Biehl, BP Bailey","Evaluating Interaction Techniques in an Interactive Workspace: Comparing the Effectiveness of a Textual Interface, Virtual Paths Interface, and ARIS",2004,,ideals.illinois.edu,http://www.ideals.illinois.edu/handle/2142/10902,,125,0,0,0,2,16,"ARIS is an interface that enables users to visually relocate applications and redirect input among myriad devices in an interactive workspace. While we previously claimed that ARIS is more effective than other interfaces for performing these tasks, this work seeks to …"
0,"A Mahajan, K Nahrstedt, BP Bailey…",A System to Remotely Control the Display of Applications in a Multi-display Environment,2003,E-Learn: World …,learntechlib.org,https://www.learntechlib.org/p/11878/,,126,0,0,0,4,17,"When people work collaboratively with physical forms of information such as post-it notes, charts, or storyboards, they often place them on a wall, where they can easily view, annotate, and organize the information. With advances in ubiquitous computing technology, rooms …"
0,BP Bailey,Are 3-D ICs ready for prime time?,2012,,experts.illinois.edu,https://experts.illinois.edu/en/publications/are-3-d-ics-ready-for-prime-time,,127,0,0,0,1,8,Skip to main content …
0,"JT Biehl, BP Bailey",An Interface Toolkit for Interactive Workspaces,2004,,ideals.illinois.edu,http://www.ideals.illinois.edu/handle/2142/10936,,128,0,0,0,2,16,"To work productively in an interactive workspace, users need effective interfaces to seamlessly share, annotate, and juxtapose digital information across heterogeneous devices. Building on an existing infrastructure for interactive workspaces, we developed an …"
0,"BP Bailey, HJ Peak",THE CLINICAL PROFILE OF HYPERTROPHIC CARDIOMYOPATHY,1977,Medical Journal of Australia,Wiley Online Library,https://onlinelibrary.wiley.com/doi/abs/10.5694/j.1326-5377.1977.tb76714.x,,129,0,0,0,2,43,"Seven cases of hypertrophic cardiomyopathy, presenting in a cardiological practice over a period of three years, are documented to illustrate the clinical spectrum of this disease. Frequently this disorder presents with symptoms resembling those of ischaemic heart …"
0,"ST Iqbal, BP Bailey",Effects of Intelligent Notification Scheduling,2007,,ideals.illinois.edu,http://www.ideals.illinois.edu/handle/2142/11388,,130,0,0,0,2,13,This work reports results from two studies investigating intelligent notification scheduling. The first study tested the performance of composite statistical models for detecting and differentiating three granularities (types) of breakpoints within novel task sequences. Results …
0,"Y Hsu, BP Bailey, SY Tettegah, TJ Bradley, ST Shen…","Towards optimal navigation through video content on interactive TV 723 Jinwoo Kim, Hyunho Kim and Kyungwook Park A method for conflict detection …",,ieeexplore.ieee.org,,https://ieeexplore.ieee.org/abstract/document/8155877/,,131,0,0,0,6,,"Page 1. VI Contents continued from back cover Towards optimal navigation through video content on interactive TV 723 Jinwoo Kim, Hyunho Kim and Kyungwook Park A method for conflict detection based on team intention inference 747 Taro Kanno, Keiichi Nakata and Kazuo Furuta …"
0,"JT Biehl, BP Bailey",Part Two-Long Papers-Interface Design-A Toolset for Creating Iconic Interfaces for Interactive Workspaces,2005,Lecture Notes in Computer …,"Berlin: Springer-Verlag, 1973-",,,132,0,0,0,2,15,
0,"BP Bailey, A Kirlik",AC 2012-4614: TOWARDS THE DEVELOPMENT OF AN OBJECTIVE ASSESSMENT TECHNIQUE FOR USE IN ENGINEERING DESIGN ED-UCATION,,age,peer.asee.org,https://peer.asee.org/22123.pdf,,133,0,0,0,2,,"Abstract Design is now considered to be the central or distinguishing activity of engineering and thus is being widely integrated throughout engineering education. However, engineering programs face special challenges in assessing student design abilities …"
0,"ST Iqbal, BP Bailey",Understanding and Developing Models for Detecting and Differentiating Breakpoints during Task Execution,2006,,ideals.illinois.edu,http://www.ideals.illinois.edu/handle/2142/11263,,134,0,0,0,2,14,"The ability to detect and differentiate breakpoints during task execution is critical for enabling defer-to-breakpoint policies within interruption management. In this work, we examine the feasibility of building models that are capable of detecting and differentiating three …"
0,"JT Biehl, WT Baker, BP Bailey",ClubDev: A System for Supporting Group-Based Software Development Activities,2007,,ideals.illinois.edu,http://www.ideals.illinois.edu/handle/2142/11323,,135,0,0,0,3,13,"Existing tools do not adequately support the emerging practice of group-based software development, which is aimed at improving software quality. In this paper, we present a new, fully functional system called ClubDev. Our system allows developers to quickly share off-the …"
0,"JT Biehl, BP Bailey",Interfaces for Managing Information in Distributed Display Environments,,orchid.cs.illinois.edu,,http://orchid.cs.illinois.edu/publications/acm-chi-2005-dde-workshop-biehl-bailey.pdf,,136,0,0,0,2,,"Interactive workspaces are distributed display environments where users can seamlessly manage information across displays. A key element of interactive workspaces is that they are comprised of multiple, independent devices linked through sophisticated software and …"
0,"M DeJong, BP Bailey, JA Konstan",Creating a Multimedia Extension for Tcl Using the Java Media Framework.,1998,Tcl/Tk Conference,usenix.org,https://www.usenix.org/legacy/events/tcl98/tcl98/full_papers/dejong/dejong.pdf,,137,0,0,0,3,22,"As multimedia capable computers become cheaper and more pervasive in the consumer and corporate markets, and as the availability of digital information increases, the need for low-cost, cross-platform multimedia applications will steadily rise. However, because Tcl …"
0,BP Bailey,A Distributed Display System for Interactive Sketching,,152.33.80.122,,http://152.33.80.122/dhutchings/dde/submissions/bailey.pdf,,138,0,0,0,1,,"When using physical tools, designers can sketch artifacts and spread them about the walls of a room to explore, communicate, and juxtapose design ideas. However, when using electronic sketching tools, designers are typically confined to the use of a physically smaller …"
0,"KE Medina, BP Bailey",Exactly What I Was Looking For: Adding Context to Internet Information Seeking,,,,,,139,0,0,0,2,,
0,"BP Bailey, JA Konstan",Authoring Languages,2001,Wiley Encyclopedia of Electrical and …,Wiley Online Library,https://onlinelibrary.wiley.com/doi/abs/10.1002/047134608X.W6904,,140,0,0,0,2,19,"Multimedia presentations utilize content derived from a variety of information sources in order to convey a message to a viewer. Examples of multimedia content include recorded and synthesized audio, video, still images, bitmap and vector graphics, animations, and text. Although a message …"
0,BP Bailey,Program chair welcome,2017,C and C 2017-Proceedings of the 2017 ACM …,experts.illinois.edu,https://experts.illinois.edu/en/publications/program-chair-welcome,,141,0,0,0,1,3,"Bailey, BP (2017). Program chair welcome. C and C 2017 - Proceedings of the 2017 ACM SIGCHI Conference on Creativity and Cognition, iv-v … In: C and C 2017 - Proceedings of the 2017 ACM SIGCHI Conference on Creativity and Cognition, 22.06.2017, p. iv-v … Bailey, BP …"
0,"TY Chang, NA Chilson, BP Bailey",A Framework for Specifying and Monitoring User Tasks,2004,,ideals.illinois.edu,http://www.ideals.illinois.edu/handle/2142/10900,,142,0,0,0,3,16,"Knowledge about user task execution can help systems better reason about when to interrupt users. To enable recognition and forecasting of task execution, we develop a novel framework for specifying and monitoring user task sequences. For task specification, our …"
