Cites,Authors,Title,Year,Source,Publisher,ArticleURL,CitesURL,ECC,CitesPerYear,CitesPerAuthor,AuthorCount,Age,Abstract
197,"E Shaffer, M Garland",Efficient adaptive simplification of massive meshes,2001,"Proceedings Visualization, 2001. VIS'01.",ieeexplore.ieee.org,https://ieeexplore.ieee.org/abstract/document/964503/,"https://scholar.google.com/scholar?cites=7705211767849416822&as_sdt=2005&sciodt=0,5&hl=en",197,10.37,99,2,19,"The growing availability of massive polygonal models, and the inability of most existing visualization tools to work with such data, has created a pressing need for memory-efficient methods capable of simplifying very large meshes. In this paper, we present a method for …"
104,"M Garland, E Shaffer",A multiphase approach to efficient surface simplification,2002,"IEEE Visualization, 2002. VIS 2002.",ieeexplore.ieee.org,https://ieeexplore.ieee.org/abstract/document/1183765/,"https://scholar.google.com/scholar?cites=12651350243711668936&as_sdt=2005&sciodt=0,5&hl=en",104,5.78,52,2,18,We present a new multiphase method for efficiently simplifying polygonal surface models of arbitrary size. It operates by combining an initial out-of-core uniform clustering phase with a subsequent in-core iterative edge contraction phase. These two phases are both driven by …
65,"E Shaffer, M Garland",A multiresolution representation for massive meshes,2005,IEEE Transactions on Visualization and …,ieeexplore.ieee.org,https://ieeexplore.ieee.org/abstract/document/1388225/,"https://scholar.google.com/scholar?cites=6547493499255027566&as_sdt=2005&sciodt=0,5&hl=en",65,4.33,33,2,15,We present a new external memory multiresolution surface representation for massive polygonal meshes. Previous methods for building such data structures have relied on resampled surface data or employed memory intensive construction algorithms that do not …
61,"E Shaffer, DA Reed, S Whitmore, B Schaeffer",Virtue: Performance visualization of parallel and distributed applications,1999,Computer,ieeexplore.ieee.org,https://ieeexplore.ieee.org/abstract/document/809250/,"https://scholar.google.com/scholar?cites=4298200518577127944&as_sdt=2005&sciodt=0,5&hl=en",61,2.9,15,4,21,"High-speed, wide-area networks have made it both possible and desirable to interconnect geographically distributed applications that control distributed collections of scientific data, remote scientific instruments and high-performance computer systems. Historically …"
37,"DA Reed, RA Aydt, L DeRose…",Performance analysis of parallel systems: Approaches and open problems,1998,Proceedings of the …,pdfs.semanticscholar.org,https://pdfs.semanticscholar.org/ccfa/6b2e4781f420521a41eb20f217a819fbedf2.pdf,"https://scholar.google.com/scholar?cites=12062592952451895078&as_sdt=2005&sciodt=0,5&hl=en",37,1.68,9,4,22,"Parallel computing is rapidly evolving to include heterogeneous collections of distributed and parallel systems. Concurrently, applications are becoming increasingly multidisciplinary with code libraries implemented using diverse programming models. To optimize the …"
22,"G Zagaris, MT Campbell, DJ Bodony, E Shaffer…",A toolkit for parallel overset grid assembly targeting large-scale moving body aerodynamic simulations,2010,Proceedings of the 19th …,Springer,https://link.springer.com/chapter/10.1007/978-3-642-15414-0_23,"https://scholar.google.com/scholar?cites=814543855560628277&as_sdt=2005&sciodt=0,5&hl=en",22,2.2,4,5,10,"Summary The Overset (Chimera) Grid approach has many practical benefits for unsteady moving grid simulations. However, an inherent requirement and challenge is the need to establish the inter-grid communication and donor-receiver pairs where the solution must be …"
15,"L De Rose, M Pantano, RA Aydt…",An approach to immersive performance visualization of parallel and wide-area distributed applications,1999,… Symposium on High …,ieeexplore.ieee.org,https://ieeexplore.ieee.org/abstract/document/805304/,"https://scholar.google.com/scholar?cites=7686667576727538002&as_sdt=2005&sciodt=0,5&hl=en",15,0.71,4,4,21,"Complex, distributed applications pose new challenges for performance analysis and optimization. This paper outlines an online approach to performance analysis where developers are active participants, using integrated measurement and immersive …"
12,E Shaffer,Institutionalization of usability,2004,,Addison Wesley Professional …,,"https://scholar.google.com/scholar?cites=17514211073288116853&as_sdt=2005&sciodt=0,5&hl=en",12,0.75,12,1,16,
12,"NI Gershenzon, MR Soltanian, RW Ritzi Jr…",How does the connectivity of open-framework conglomerates within multi-scale hierarchical fluvial architecture affect oil-sweep efficiency in waterflooding?,2015,…,pubs.geoscienceworld.org,https://pubs.geoscienceworld.org/gsa/geosphere/article-abstract/11/6/2049/132369,"https://scholar.google.com/scholar?cites=9942555657698582018&as_sdt=2005&sciodt=0,5&hl=en",12,2.4,3,4,5,"Understanding multi-phase fluid flow and transport processes within aquifers, candidate reservoirs for CO2 sequestration, and petroleum reservoirs requires understanding a diverse set of geologic properties of the aquifer or reservoir, over a wide range of spatial and …"
11,"J Peng, B Key Jr, DR Huck, AD Causey…",Cartridge drive shaft gear,2014,US Patent …,Google Patents,https://patents.google.com/patent/US8644733B2/en,"https://scholar.google.com/scholar?cites=4022033437081967188&as_sdt=2005&sciodt=0,5&hl=en",11,1.83,2,5,6,"Image recording devices, such as electrophotographic devices, laser printers, copiers, and fax machines, often have a cartridge that utilizes a drive gear to transmit rotational force from the printer to the print cartridge. Also, it is desirable to remanufacture print cartridge both to …"
10,"MJ Nicolini, RA Wildes, JE Slawsky, CA Sabjan…",Simplified system backup protection and recovery,2015,US Patent …,Google Patents,https://patents.google.com/patent/US9122711B1/en,"https://scholar.google.com/scholar?cites=11211210969957192926&as_sdt=2005&sciodt=0,5&hl=en",10,2,2,5,5,"A system, method, and medium for automatically identifying, protecting, and recovering the critical services and components of a server. A backup application detects a request to perform a backup operation. In response, the backup application performs a discovery …"
9,"Y Dong, H Zhou, E Shaffer, N Atamas, WC Liao…",The cardiovascular actions of omapatrilat in spontaneously hypertensive rats,2001,Current hypertension …,Springer,https://link.springer.com/article/10.1007/s11906-001-0100-0,"https://scholar.google.com/scholar?cites=15145097155648517115&as_sdt=2005&sciodt=0,5&hl=en",9,0.47,2,6,19,"Omapatrilat is a newly developed vasopeptidase inhibitor that inhibits both angiotensin-converting enzyme (ACE) and neutral endopeptidase and has potent antihypertensive efficacy. However, the specific effect of omapatrilat on cardiac function and left ventricular …"
9,"Z Cheng, E Shaffer, R Yeh, G Zagaris…",Efficient parallel optimization of volume meshes on heterogeneous computing systems,2017,Engineering with …,Springer,https://link.springer.com/article/10.1007/s00366-014-0393-7,"https://scholar.google.com/scholar?cites=8506543304690252912&as_sdt=2005&sciodt=0,5&hl=en",9,3,2,5,3,"We describe a parallel algorithmic framework for optimizing the shape of elements in a simplicial volume mesh. Using fine-grained parallelism and asymmetric multiprocessing on multi-core CPU and modern graphics processing unit hardware simultaneously, we achieve …"
8,"E Shaffer, DA Reed",Real-time immersive performance visualization and steering,2000,ACM SIGGRAPH Computer Graphics,dl.acm.org,https://dl.acm.org/doi/pdf/10.1145/351440.351443,"https://scholar.google.com/scholar?cites=16034227133886329500&as_sdt=2005&sciodt=0,5&hl=en",8,0.4,4,2,20,"Introduction The history of software systems is one of evolving complexity. In the latest inflection point, we have seen high-performance computing become distributed, with multidis- ciplinary applications now running in parallel on heterogeneous systems connected via high-speed …"
7,"D Guoy, T Wilmarth, P Alexander, X Jiao…",Parallel mesh adaptation for highly evolving geometries with application to solid propellant rockets,2008,Proceedings of the 16th …,Springer,https://link.springer.com/chapter/10.1007/978-3-540-75103-8_29,"https://scholar.google.com/scholar?cites=1163243514800969586&as_sdt=2005&sciodt=0,5&hl=en",7,0.58,1,5,12,"We describe our parallel 3-D surface and volume mesh modification strategy for large-scale simulation of physical systems with dynamically changing domain boundaries. Key components include an accurate, robust, and efficient surface propagation scheme, frequent …"
7,"G Zagaris, D Bodony, M Brandyberry…",A collision detection approach to chimera grid assembly for high fidelity simulations of turbofan noise,2010,48th AIAA Aerospace …,arc.aiaa.org,https://arc.aiaa.org/doi/pdf/10.2514/6.2010-836,"https://scholar.google.com/scholar?cites=17998835587301350290&as_sdt=2005&sciodt=0,5&hl=en",7,0.7,2,4,10,"A key advantage of Chimera meshes is their suitability for high fidelity moving grid simulations. However, an inherent requirement and challenge is the need to establish the inter-grid communication with minimal user intervention in an efficient manner, a process …"
5,GE Shaffer,Essays on strategic motives for resale price maintenance,1989,,Princeton University,,"https://scholar.google.com/scholar?cites=24884572450904767&as_sdt=2005&sciodt=0,5&hl=en",5,0.16,5,1,31,
4,"T Xia, E Shaffer",Streaming tetrahedral mesh optimization,2008,Proceedings of the 2008 ACM symposium on Solid and …,dl.acm.org,https://dl.acm.org/doi/abs/10.1145/1364901.1364940,"https://scholar.google.com/scholar?cites=1807879613067292962&as_sdt=2005&sciodt=0,5&hl=en",4,0.33,2,2,12,Improving the quality of tetrahedral meshes is an important operation in many scientific computing applications. Meshes with badly shaped elements impact both the accuracy and convergence of scientific applications. State-of-the-art mesh improvement techniques rely on …
3,EP Shaffer,"Inhabitation in the Poetry of Robinson Jeffers, Gary Snyder, and Lew Welch",1990,Robinson Jeffers Newsletter,,,"https://scholar.google.com/scholar?cites=11999381919895703539&as_sdt=2005&sciodt=0,5&hl=en",3,0.1,3,1,30,
3,"C Meyer, C Heeren, E Shaffer, J Tedesco",CoMoTo: The collaboration modeling toolkit,2011,Proceedings of the 16th …,dl.acm.org,https://dl.acm.org/doi/abs/10.1145/1999747.1999789,"https://scholar.google.com/scholar?cites=8953787797659893490&as_sdt=2005&sciodt=0,5&hl=en",3,0.33,1,4,9,"We are excited to introduce CoMoTo--the Collaboration Modeling Toolkit--a new, web-based application that expands and enhances well-known software similarity detection systems. CoMoTo is an end-to-end data management, analysis, and visualization system …"
3,"E Shaffer, G Zagaris",GPU accelerated derivative-free mesh optimization,2012,GPU Computing Gems Jade Edition,Elsevier,https://www.sciencedirect.com/science/article/pii/B9780123859631000137,"https://scholar.google.com/scholar?cites=8696145496153023560&as_sdt=2005&sciodt=0,5&hl=en",3,0.38,2,2,8,Publisher Summary This chapter presents a graphics processing unit (GPU)-based implementation of a derivative-free optimization method. The utility of derivative-free optimization is demonstrated in a mesh optimization algorithm that improves the element …
3,"M Kamali, M Stroila, J Cho, E Shaffer…",Robust Classification of Curvilinear and Surface-Like Structures in 3d Point Cloud Data,2011,… Symposium on Visual …,Springer,https://link.springer.com/chapter/10.1007/978-3-642-24028-7_64,"https://scholar.google.com/scholar?cites=15105427860424036154&as_sdt=2005&sciodt=0,5&hl=en",3,0.33,1,5,9,"The classification of 3 d point cloud data is an important component of applications such as map generation and architectural modeling. However, the complexity of the scenes together with the level of noise in the data acquired through mobile laser range-scanning make this …"
2,"J Towns, D Gerstenecker, L Herriott, A Hetrick…",University of Illinois Year of Cyberinfrastructure Final Report,2015,,ideals.illinois.edu,https://www.ideals.illinois.edu/handle/2142/88444,"https://scholar.google.com/scholar?cites=11728265522219091570&as_sdt=2005&sciodt=0,5&hl=en",2,0.4,0,5,5,The University of Illinois at Urbana-Champaign is a leader in computing and information technology (IT). Our leadership role has both produced and been produced by a culture of innovation. Many efforts have arisen over the years that have been the product of this …
2,"E Shaffer, R Aydt, S Whitmore, B Schaeffer",Virtue–A Collaborative Environment for Data Visualization,1999,,… Science at the Unviersity of Illinois …,,"https://scholar.google.com/scholar?cites=11815566581022029931&as_sdt=2005&sciodt=0,5&hl=en",2,0.1,1,4,21,
2,"E Shaffer, Z Cheng, R Yeh, G Zagaris, L Olson",Efficient GPU-based Optimization of Volume Meshes.,2013,PARCO,researchgate.net,https://www.researchgate.net/profile/Luke_Olson/publication/282675717_Efficient_GPU-based_optimization_of_volume_meshes/links/563a1a6c08ae337ef2983968/Efficient-GPU-based-optimization-of-volume-meshes.pdf,"https://scholar.google.com/scholar?cites=5799790697994314650&as_sdt=2005&sciodt=0,5&hl=en",2,0.29,0,5,7,We describe a GPU-based algorithmic framework for optimizing the shape of elements in a simplicial volume. Optimization is done on a per-vertex basis using only local neighborhood information in order to exploit the massive fine-grained parallelism on modern GPU …
2,"E Shaffer, Z Cheng, R Yeh, G Zagaris…",Simple and effective GPU-based mesh optimization,2014,… Science and Engineering …,imr.sandia.gov,https://imr.sandia.gov/papers/imr20/RNShaffer.pdf,"https://scholar.google.com/scholar?cites=9024367752271766192&as_sdt=2005&sciodt=0,5&hl=en",2,0.33,0,5,6,"We present a GPU-based algorithm for optimizing the shape of elements in tetrahedral volume meshes. To exploit the massive parallelism available in modern GPU hardware, optimization occurs on a per-vertex basis using only local neighborhood information. A …"
2,E Shaffer,Library Science and Usability Engineering,2001,Paper presented November,,,"https://scholar.google.com/scholar?cites=11929836536664542370&as_sdt=2005&sciodt=0,5&hl=en",2,0.11,2,1,19,
2,BMLRE Shaffer,Gregory “Does Legal Capacity Matter,2008,Explaining Patterns of Protectionism in the Shadow of …,,,"https://scholar.google.com/scholar?cites=14314093081650395479&as_sdt=2005&sciodt=0,5&hl=en",2,0.17,2,1,12,
1,EJ Shaffer,Granular fertilizer dispenser apparatus,2016,"US Patent 9,363,944",Google Patents,https://patents.google.com/patent/US9363944B2/en,"https://scholar.google.com/scholar?cites=3297300866702411857&as_sdt=2005&sciodt=0,5&hl=en",1,0.25,1,1,4,"The fertilizer dispenser is used on a surface area to be treated. The fertilizer dispenser comprises a main body for storing the fertilizer, a rolling mechanism affixed to the main body, and a control mechanism cooperatively engaged with the main body. Tines extending …"
1,EP Shaffer,"Living at the Monastery, Working in the Kitchen: Poems",2001,,books.google.com,https://books.google.com/books?hl=en&lr=&id=i6mFLPf6DD8C&oi=fnd&pg=PR5&dq=%22eric+shaffer%22&ots=CqCed6XyYU&sig=Tsx80VAXTKD0ZW4OCWRB6e9EnG0,"https://scholar.google.com/scholar?cites=3016445233500880256&as_sdt=2005&sciodt=0,5&hl=en",1,0.05,1,1,19,"Poetry."" How wonderful to discover these lost works in the last leavings of the Twentieth Century. May their author continue to sweep the kitchens, the courtyards, the shrine halls of his always surprising mind. May we continue to share such delightful detritus. And may it …"
1,"TL Noerenberg, DJ Prusak…",Duluth Pump Station/Storage Basin Meets SSO Challenge,2006,… of the Water …,Water Environment Federation,,"https://scholar.google.com/scholar?cites=1600284415483108293&as_sdt=2005&sciodt=0,5&hl=en",1,0.07,0,3,14,
1,EP Shaffer,All come to this: the life and works of Lew Welch in the context of the twentieth century.,1992,,elibrary.ru,https://elibrary.ru/item.asp?id=5838697,"https://scholar.google.com/scholar?cites=17105626631827970594&as_sdt=2005&sciodt=0,5&hl=en",1,0.04,1,1,28,"Degree: Ph. D. DegreeYear: 1991 Institute: University of California, Davis This dissertation examines the works of Welch in the context of contemporary events and thought. The poems are contextualized in order to indicate the source and continuity of his poetry and poetics …"
1,GE Shaffer,Critical duration of grass weed interference in grain sorghum,2016,,krex.k-state.edu,http://krex.k-state.edu/dspace/handle/2097/32615,"https://scholar.google.com/scholar?cites=4060482199565442129&as_sdt=2005&sciodt=0,5&hl=en",1,0.25,1,1,4,The availability of ALS-inhibitor herbicide-resistant grain sorghum hybrids will provide an opportunity to control grass weeds post-emergence with the ALS-inhibiting herbicide nicosulfuron (Zest [superscript] TM). More information on impact of grass weeds on sorghum …
1,"J Miklós-Thal, GE Shaffer",Naked Exclusion with Private Offers,2014,,Simon Graduate School of Business …,,"https://scholar.google.com/scholar?cites=13992399847429959691&as_sdt=2005&sciodt=0,5&hl=en",1,0.17,1,2,6,
1,KE Shaffer,System for monitoring machine fluids by measuring fluctuations in a magnetic field,2019,"US Patent 10,379,082",Google Patents,https://patents.google.com/patent/US10379082B2/en,"https://scholar.google.com/scholar?cites=11298777824414776178&as_sdt=2005&sciodt=0,5&hl=en",1,1,1,1,1,A system for monitoring machine fluids is provided. The system includes a fluid handling unit configured to pump the fluid and the fluid handling unit includes at least one fluid handling element. A magnetic material on the at least one fluid handling element is configured to …
0,"P Alliez, P Atencio, B Azarenok, K Beatty…",Index of Authors and Co-authors,2010,Proceedings of the 19th …,Springer,https://link.springer.com/content/pdf/10.1007/978-3-642-15414-0.pdf#page=422,,0,0,0,5,10,"Index of Authors and Co-authors Alliez, Pierre 335 Atencio, Pedro 195 Azarenok, Boris 35 Beatty, Kirk 49 Bodony, Daniel J. 385 Botsch, Mario 335 Branch, John William 161, 195 Brandyberry, Mark D. 385 Bronson, Jonathan R. 279 Campbell, Michael T. 385 Canino, David …"
0,"L Stark, WS Kim, F Tendick, M Tyler…","Telerobotics: Problems In Display, Control And Communication",1987,Space Station …,spiedigitallibrary.org,https://www.spiedigitallibrary.org/conference-proceedings-of-spie/0729/0000/Telerobotics-Problems-In-Display-Control-And-Communication/10.1117/12.964880.short,,0,0,0,5,33,An experimental telerobotics (TR) simulation is described suitable for studying human operator (HO) performance. Simple manipulator pick-and-place and tracking tasks allowed quantitative comparison of a number of calligraphic display viewing conditions. The Ames …
0,"M Mlsplon, E Moore, S Moore…","TELEROBOTTCS: PROBLEMS IN DISPLAY, CONTROL AND COMMUNICATION",1987,… automation II: 28 …,Society of Photo Optical,,,0,0,0,4,33,
0,EP Shaffer,Travel Notes on Bells in Japan,2012,,ST FRANCIS XAVIER UNIV PO BOX …,,,0,0,0,1,8,
0,EP Shaffer,The Famous Poet's Wife,2006,The North American Review,JSTOR,,,0,0,0,1,14,
0,EP Shaffer,How to Successfully Flee the Storm,2015,,"UNIV LEEDS, SCHOOL ENGLISH …",,,0,0,0,1,5,
0,EP Shaffer,Yogi coaches the Buddha at the bat,2008,Going Down Swinging,search.informit.com.au,https://search.informit.com.au/documentSummary;dn=882074468131279;res=IELLCC,,0,0,0,1,12,"Abstract: Umpires convince us there's truly something behind us, but that's a lie, too. If there ever was a past, it was … To cite this article: Shaffer, Eric Paul. Yogi coaches the Buddha at the bat [online]. Going Down Swinging, No. 26, 2008: 1. Availability: <https://search.informit.com.au …"
0,EP Shaffer,Poetry and Place in Hawai'i: Notes from a Writer and Resident,2017,Western American Literature,muse.jhu.edu,https://muse.jhu.edu/article/678644/summary,,0,0,0,1,3,"In Hawaiian, ke one hānau (pronounced “kay owe-nay HA-now”) means the sands of one's birth, or one's birthplace. In the islands, connection to place and one's status as native is perhaps more important than it is everywhere else. 1 In Hawai 'i, more than anywhere else, I …"
0,EP Shaffer,"Cardinal in February: Kailua, O'ahu",2017,,"UNIV LEEDS, SCHOOL ENGLISH …",,,0,0,0,1,3,
0,EP Shaffer,'All there is',2008,The Dalhousie Review,myweeklysentinel.com,https://www.myweeklysentinel.com/uploads/4/1/4/0/41406429/ca1121_a4.pdf,,0,0,0,1,12,"A dam Schiff's impeachment inquiry is underway, and as it turns out you"" Trumpsters"" out there had nothing to worry about. The first three major witnesses, as we indicated last week, did not actually witness anything. Normally, that would be a problem, as American …"
0,EP Shaffer,"The New Year, All Over Again",2015,,"UNIV LEEDS, SCHOOL ENGLISH …",,,0,0,0,1,5,
0,EP Shaffer,Our Little Piece of Sky,2016,Confrontation,go.gale.com,https://go.gale.com/ps/i.do?id=GALE%7CA455285212&sid=googleScholar&v=2.1&it=r&linkaccess=abs&issn=00105716&p=AONE&sw=w,,0,0,0,1,4,
0,EP Shaffer,The Murder Weapon,2015,The North American Review,JSTOR,,,0,0,0,1,5,
0,EP Shaffer,Field Trips,2017,,cnps-yerbabuena.org,http://cnps-yerbabuena.org/wp-content/uploads/2018_09.pdf,,0,0,0,1,3,"Members and non-members are encouraged to attend these FREE walks. Generally, advance signups are not required—just meet at the specified place and time. If rain or high wind is forecast, we recommend checking with the contact (listed at the end of the trip …"
0,EP Shaffer,Mozart and the Mockingbird,2005,Ploughshares,go.gale.com,https://go.gale.com/ps/i.do?id=GALE%7CA132163330&sid=googleScholar&v=2.1&it=r&linkaccess=abs&issn=00484474&p=AONE&sw=w,,0,0,0,1,15,"Shaffer, Eric Paul."" Mozart and the Mockingbird."" Ploughshares, vol. 31, no. 1, 2005, p. 133. Academic OneFile, https% 3A% 2F% 2Flink. galegroup. com% 2Fapps% 2Fdoc% 2FA132163330% 2FAONE% 3Fu% 3Dgooglescholar% 26sid% 3DAONE% 26xid …"
0,EP Shaffer,Frames of reference:[an honors thesis (HONRS 499)],1978,,cardinalscholar.bsu.edu,http://cardinalscholar.bsu.edu/bitstream/handle/handle/192469/S53_1978ShafferEric.pdf?sequence=1,,0,0,0,1,42,"Although they IDBY be among the first words you will read in any book, the acknowledgements are always the last to be wri. tten. This is so for good reason. As I've slowly assembled the introductions, stories, and reviews under this cover, I've found that the …"
0,EP Shaffer,Waiting for the Light,2016,,"UNIV LEEDS, SCHOOL ENGLISH …",,,0,0,0,1,4,
0,EP Shaffer,For Your Birthday,2016,The North American Review,JSTOR,,,0,0,0,1,4,
0,EP Shaffer,For All You Touch,2015,,"UNIV LEEDS, SCHOOL ENGLISH …",,,0,0,0,1,5,
0,EP Shaffer,The Crap Drawer,2009,,"UNIV LEEDS, SCHOOL ENGLISH …",,,0,0,0,1,11,
0,EP Shaffer,The lone streetlight on piliwale road,2009,Going Down Swinging,search.informit.com.au,https://search.informit.com.au/fullText;dn=882950217780414;res=IELLCC,,0,0,0,1,11,"I'm supposed to say something like light defeats darkness and beats back the shadows, but from the bottom of the road, the radiance is a dull smudge on black. There's nothing noble in the little bit of illumination the lone streetlight spills on this short black strip of Piliwale Road … The stars …"
0,EP Shaffer,Letter to slow cooker in Colorado,2011,Going Down Swinging,search.informit.com.au,https://search.informit.com.au/documentSummary;dn=642947750461046;res=IELLCC,,0,0,0,1,9,"Abstract: Holy crap, I stand at rain-streaked windows on the third day of the first semester of the second decade of the third millennium (enough numbers to stun me and my teachers) … To cite this article: Shaffer, Eric Paul. Letter to slow cooker in Colorado [online]. Going Down …"
0,EP Shaffer,How I Lost My Library Card,2008,The North American Review,JSTOR,,,0,0,0,1,12,
0,EW Shaffer,An information dispersal algorithm library for a distributed file system,1998,,University of Florida,,,0,0,0,1,22,
0,EP Shaffer,'Okina: The Eighth Consonant: I ka'Ōlelo Hawai'i,2005,The Poetry Ireland Review,JSTOR,,,0,0,0,1,15,
0,EJ Shaffer,Granular fertilizer dispenser apparatus,2017,"US Patent 9,642,299",Google Patents,https://patents.google.com/patent/US9642299B2/en,,0,0,0,1,3,"An apparatus for dispensing a granular fertilizer onto a surface. The apparatus comprises a housing, one or more wheels, a handle, and an auger. The housing has a first end, a second end, an enclosed tubular bore, a first opening facing generally upward, a second opening …"
0,EP Shaffer,"The Other Mother, On Solomon's Judgment",2015,The Dalhousie Review,ojs.library.dal.ca,https://ojs.library.dal.ca/dalhousiereview/article/download/7583/6579,,0,0,0,1,5,"When the king commanded the child be halved, I could not bear the lie and begged the babe be given his true mother. The naked, wailing boy was not some inn-keeper's disputed bill at dawn, after a night of torches and silks, wine, dainties and song. It was only right. My …"
0,EP Shaffer,City of the Anti-Ghosts,2012,,"UNIV LEEDS, SCHOOL ENGLISH …",,,0,0,0,1,8,
0,EP Shaffer,Monopoly,2014,Going Down Swinging,search.informit.com.au,https://search.informit.com.au/documentSummary;dn=284635713165860;res=IELLCC,,0,0,0,1,6,"To cite this article: Shaffer, Eric Paul. Monopoly [online]. Going Down Swinging, No. 35, 2014: 223, 225. Availability: <https://search.informit.com.au/documentSummary;dn=284635713165860 ;res=IELLCC> ISSN: 0157-3950. [cited 08 Sep 19]."
0,EP Shaffer,Piety in Weeding,2016,,"UNIV LEEDS, SCHOOL ENGLISH …",,,0,0,0,1,4,
0,"DA Keefer, EG Shaffer, B Storsved, M Vanmoer…",RVA. 3-D Visualization and Analysis Software to Support Management of Oil and Gas Resources,2015,,osti.gov,https://www.osti.gov/biblio/1238338,,0,0,0,5,5,"A free software application, RVA, has been developed as a plugin to the US DOE-funded ParaView visualization package, to provide support in the visualization and analysis of complex reservoirs being managed using multi-fluid EOR techniques. RVA, for Reservoir …"
0,ER Shaffer,A residuals management plan for the Houghton/Hancock wastewater treatment plant,1993,,Michigan Technological University,,,0,0,0,1,27,
0,"Y Mikio, K Yamazato, EP Shaffer","From"" The Love of Red Soil""",1993,Chicago Review,JSTOR,https://www.jstor.org/stable/25305755,,0,0,0,3,27,"Coral massing in the blue ocean, generations of coral animals living, building on billions of billions of the stony skeletons of their ancestors, the children's children standing entwined among the long-dead bodies of their grandparents and dying again and again, submerged …"
0,EP Shaffer,A Gift from a Collector,2017,,"UNIV LEEDS, SCHOOL ENGLISH …",,,0,0,0,1,3,
0,EP Shaffer,Small town affairs,2016,Quadrant,search.informit.com.au,https://search.informit.com.au/documentSummary;dn=075760105361438;res=IELLCC,,0,0,0,1,4,"To cite this article: Shaffer, Eric Paul. Small town affairs [online]. Quadrant, Vol. 60, No. 5, May 2016: 89. Availability: <https://search.informit.com.au/documentSummary;dn=075760105361438 ;res=IELLCC> ISSN: 0033-5002. [cited 03 Sep 19]."
0,"W Mayo, R Brostoff, A NeJame, H Barrett, L Roberts…",Hawai'i Pacific Review,2004,,Hawai'i Pacific University,,,0,0,0,6,16,
0,EG Shaffer,Scalable methods for processing massive geometric meshes,2005,,ideals.illinois.edu,http://www.ideals.illinois.edu/handle/2142/11061,,0,0,0,1,15,"Polygonal meshes are easily the most common surface representation currently employed in computer graphics, finding application in fields as diverse as the visual arts and scientific computation. Technological advances in the areas of three-dimensional scanning, digital …"
0,"AI Ellis, EG Shaffer, JC Hart",Deferred Ray Tracing Using Intersection Binning,,,,,,0,0,0,3,,
0,EP Shaffer,"The atheist, shopping for groceries on a Friday night (in a heaven in which none of us believes)",2018,Going Down Swinging,search.informit.com.au,https://search.informit.com.au/documentSummary;dn=033246925541215;res=IELLCC,,0,0,0,1,2,"To cite this article: Shaffer, Eric Paul. The atheist, shopping for groceries on a Friday night (in a heaven in which none of us believes) [online]. Going Down Swinging, No. 39, 2018: 301. Availability: <https://search.informit.com.au/documentSummary;dn=033246925541215;res=IELLCC …"
0,EP Shaffer,Arrival,2006,Island,search.informit.com.au,https://search.informit.com.au/documentSummary;dn=299184914916803;res=IELLCC,,0,0,0,1,14,"Abstract: When you arrive, between the sand and scrubby trees, the tides and last light, you can almost see where you are, and you see arrival is an idea about getting somewhere … To cite this article: Shaffer, Eric Paul. Arrival [online]. Island, No. 106, Spring 2006: 65. Availability …"
0,EP Shaffer,City of the Anti-Ghosts,2010,Going Down Swinging,search.informit.com.au,https://search.informit.com.au/fullText;dn=877975214454475;res=IELLCC,,0,0,0,1,10,"Page 1. City of the Anti-Ghosts Eric Paul Shaffer On Thursday, Axel realised everyone who lived there hated the city. Not a single citizen loved the parks, the streets, the drives, the buildings, the highways, the view. Nobody loved anything about the place. They lived there only for their …"
0,EP Shaffer,On the Moon,2015,,ST FRANCIS XAVIER UNIV PO BOX …,,,0,0,0,1,5,
0,EP Shaffer,The Dalai Lama's Optometrist,2009,,"UNIV LEEDS, SCHOOL ENGLISH …",,,0,0,0,1,11,
0,EP Shaffer,The awk word,2014,Quadrant,search.informit.com.au,https://search.informit.com.au/fullText;dn=192395244846780;res=IELLCC,,0,0,0,1,6,"I was chatting on the phone to Joe Lane in Adelaide about his archival research on South Australian Aborigines (see Quadrant, January- February). He mentioned that he too had attended the Youth Carnival, at an even younger age, nine, than myself. He also thought he spotted himself on the …"
0,EP Shaffer,Even Further West,2006,Island,search.informit.com.au,https://search.informit.com.au/fullText;dn=299166281945545;res=IELLCC,,0,0,0,1,14,"Page 1. 64 POETRY ERIC PAUL SHAFFER Even Further West There is no jay in the shrinking alphabet of birds on Maui. No madrone, but there is kiawe and ten thousand shades of green creeping from red volcanic soil. The mountain is not holy, but I worship all I see. Holy is a bamboo …"
0,EP Shaffer,An Enduring Dream of Diamonds,2006,The Poetry Ireland Review,JSTOR,,,0,0,0,1,14,
0,EP Shaffer,The Blue Future,2016,,"UNIV LEEDS, SCHOOL ENGLISH …",,,0,0,0,1,4,
0,EP Shaffer,A million-dollar bill,2012,Going Down Swinging,search.informit.com.au,https://search.informit.com.au/documentSummary;dn=990257499256388;res=IELLCC,,0,0,0,1,8,"To cite this article: Shaffer, Eric Paul. A million-dollar bill [online]. Going Down Swinging, No. 33, 2012: 48-49. Availability:< https://search. informit. com. au/documentSummary; dn= 990257499256388; res= IELLCC> ISSN: 0157-3950.[cited 23 Jun 19]."
0,EP Shaffer,On the Occasion of Andy's Cancer Diagnosis,2009,,UNIV NEW BRUNSWICK DEPT …,,,0,0,0,1,11,
0,EP Shaffer,Carrying Ash,2010,The Malahat Review,,,,0,0,0,1,10,
0,EP Shaffer,The Eye of Winter,2016,,"UNIV LEEDS, SCHOOL ENGLISH …",,,0,0,0,1,4,
0,EP Shaffer,The First Man to See a Rainbow,2002,Quadrant,search.informit.com.au,https://search.informit.com.au/documentSummary;dn=191337277274342;res=IELIAC,,0,0,0,1,18,"To cite this article: Shaffer, Eric Paul. The First Man to See a Rainbow [online]. Quadrant, Vol. 46, No. 3, Mar 2002: 55. Availability: <https://search.informit.com.au/documentSummary;dn =191337277274342;res=IELIAC> ISSN: 0033-5002. [cited 05 Sep 19]."
0,EP Shaffer,On the Bright Side,2016,Confrontation,go.gale.com,https://go.gale.com/ps/i.do?id=GALE%7CA455285213&sid=googleScholar&v=2.1&it=r&linkaccess=abs&issn=00105716&p=AONE&sw=w,,0,0,0,1,4,
0,EP Shaffer,Apropos of nothing,2004,The North American Review,go.gale.com,https://go.gale.com/ps/i.do?id=GALE%7CA115270244&sid=googleScholar&v=2.1&it=r&linkaccess=abs&issn=00292397&p=AONE&sw=w,,0,0,0,1,16,
0,EP Shaffer,Steven A. Byars,,stevenbyars.com,,http://stevenbyars.com/Literary%20Critical%20Analysis/the%20ascension%20of%20woman.doc,,0,0,0,1,,Sigmund Freud proposes in his psychosexual stages of development theory that women grow up with an unfulfilled desire to possess a penis. This penis envy stems from the desire of the woman to possess a penis in the same way that her mother possesses her father's …
0,EP Shaffer,"Stars in the Heart of Haleakala, Maui",2004,The American Scholar,search.proquest.com,http://search.proquest.com/openview/2bbc642717a4035f6f089a2b60ccbeee/1.pdf?pq-origsite=gscholar&cbl=514,,0,0,0,1,16,Page 1. Reproduced with permission of the copyright owner. Further reproduction prohibited without permission.
0,EP Shaffer,For the Celebration of Some Other Life,2014,The Midwest Quarterly,search.proquest.com,http://search.proquest.com/openview/ce85f31d41af9cc31f13f3b98c4c043b/1?pq-origsite=gscholar&cbl=41210,,0,0,0,1,6,For the Celebration of Some Other Life. Abstract. A poem is presented.
0,EP Shaffer,Nobody's Birthday Wish,2012,The North American Review,JSTOR,,,0,0,0,1,8,
0,EP Shaffer,Redemption,2009,Going Down Swinging,search.informit.com.au,https://search.informit.com.au/documentSummary;dn=882447127556443;res=IELLCC,,0,0,0,1,11,"Abstract: Someone convinced me that to praise Jesus, I should visit someone languishing in jail, so I slunk my way downtown to Oh-Triple-See. For all anybody knows, those letters could mean Oklahoma City Community College or even Orange County Conservation Corps … To …"
0,EP Shaffer,The poor box,2014,Confrontation,go.gale.com,https://go.gale.com/ps/i.do?id=GALE%7CA393874865&sid=googleScholar&v=2.1&it=r&linkaccess=abs&issn=00105716&p=AONE&sw=w,,0,0,0,1,6,"Shaffer, Eric Paul."" The poor box."" Confrontation, vol. 116, 2014, p. 175. Gale Academic Onefile, https% 3A% 2F% 2Flink. gale. com% 2Fapps% 2Fdoc% 2FA393874865% 2FAONE% 3Fu% 3Dgooglescholar% 26sid% 3DAONE% 26xid% 3Dbb989556. Accessed 9 …"
0,EP Shaffer,Cigarettes in paradise,2016,Going Down Swinging,search.informit.com.au,https://search.informit.com.au/documentSummary;dn=373980810348929;res=IELLCC,,0,0,0,1,4,"She glances down the silver side streets, wondering where the hell the 7-Eleven is anyway. If this is heaven, where is the celebratory smoke they deserve? We all know from our antics on this planet we should never ask for what we deserve, but maybe when we die, we just get …"
0,EP Shaffer,The Mime in Winter,2012,,"UNIV LEEDS, SCHOOL ENGLISH …",,,0,0,0,1,8,
0,EP Shaffer,Headlights: A biology lesson,2009,Going Down Swinging,search.informit.com.au,https://search.informit.com.au/documentSummary;dn=881329149280951;res=IELLCC,,0,0,0,1,11,"The sun gone, the green in the fields darkens. M y neighbours drive on without headlights, as if dusk were clouds of cane smoke and their vision was improved by speeding past the burning stalks. Mr. Brown, our teacher of biology and Drivers Ed., once asked our class a …"
0,EP Shaffer,Hart Crane's Borrowed Raincoat,2013,The North American Review,JSTOR,,,0,0,0,1,7,
0,EP Shaffer,What Rain Brings to the Volcano,2008,Tampa Review,search.proquest.com,http://search.proquest.com/openview/92e95bdda583e6cde583c9fa98627e1f/1?pq-origsite=gscholar&cbl=45033,,0,0,0,1,12,"Mark Putnam is an associate professor of English at the University of Tampa. Translating Montesinos's poetry is a project that he, and his spouse and colleague Lola Hidalgo-Calle, have prized and shared for many years. Ultimo Cuerpo de Campanas marks the first book of …"
0,EHPM Shaffer,Ultrafiltration of Colloidal Electrolyte Solutions,,degruyter.com,,https://www.degruyter.com/view/j/zpch.1962.31.issue-5-6/zpch.1962.31.5_6.397/zpch.1962.31.5_6.397.xml,,0,0,0,1,,*Prices in US$ apply to orders placed in the Americas only. Prices in GBP apply to orders placed in Great Britain only. Prices in € represent the retail prices valid in Germany (unless otherwise indicated). Prices are subject to change without notice. Prices do not include postage and handling …
0,"S Whitmore, RA Aydt, L de Rose, DA Reed…",An Approach to Immersive Performance Visualization of Parallel and Wide-Area Distributed Applications,1999,High-Performance …,computer.org,https://www.computer.org/csdl/proceedings-article/hpdc/1999/02870040/12OmNx76TWQ,,0,0,0,5,21,"Complex, distributed applications pose new challenges for performance analysis and optimization. This paper outlines an online approach to performance analysis where developers are active participants, using integrated measurement and immersive …"
0,"E Shaffer, R Aydt, S Whitmore, B Schaeffer","Pablo Research Group Department of Computer Science University of Illinois Urbana, Illinois 61801",1999,,,,,0,0,0,4,21,
0,"T Xia, E Shaffer",Streaming Mesh Optimization for CAD,2008,International Symposium on Visual Computing,Springer,https://link.springer.com/chapter/10.1007/978-3-540-89646-3_102,,0,0,0,2,12,"Computational simulation of physical phenomena plays a central role in many important applications, including scientific visualization and the generation visual effects for entertainment. Typically, these simulations rely on high-quality meshes to model physical …"
0,"S Whitmore, E Shaffer, R Aydt",Multimedia Toolbox Guide,1998,,researchgate.net,https://www.researchgate.net/profile/Eric_Shaffer/publication/2806079_Multimedia_Toolbox_Guide/links/0fcfd50f61a1a99077000000/Multimedia-Toolbox-Guide.pdf,,0,0,0,3,22,The Multimedia Toolbox (MMTB) is a set of software tools that provide real-time audio and video conferencing as well as the ability to record and replay voice and video transcripts. The asynchronous nature of distributed collaboration mandates the ability to annotate …
0,"R Reizner, E Shaffer, B Birman",Mining for Hydrologic Features in LiDAR Data,2013,Proceedings of the …,search.proquest.com,http://search.proquest.com/openview/57643b9f84b4a1b441a97a06862a76b5/1?pq-origsite=gscholar&cbl=1976357,,0,0,0,3,7,"Abstract Light Detection and Ranging (LiDAR) can generate 3D point data of terrains with high resolution and accuracy, enabling automated detection of an important hydrologic features. This paper describes a method for detecting sinkholes in LiDAR data. Current …"
0,"E Shaffer, R Aydt, S Whitmore, B Schaeffer",Virtue,,,,,,0,0,0,4,,
0,"C Peiper, M Twidale, B Capitanu, S Kamin, E Shaffer",Exploring the design space of in-class activity visualizations,,pdfs.semanticscholar.org,,https://pdfs.semanticscholar.org/9f38/72666a81b52e86dab4f9244eb8bf72660476.pdf,,0,0,0,5,,"Networked tablet PCs have great potential in classroom settings, including use in small group in-class problem-solving activities. It is possible to obtain substantial amounts of data about student activity during a lesson: what they referred to, notes taken and erased, bursts …"
0,E Shaffer,Walking Zone,2016,,CENT STUDIES AUSTRALIAN LIT …,,,0,0,0,1,4,
0,"E Shaffer, DA Reed, S Whitmore, B Schaeffer",CALTECH ASCI TECHNICAL REPORT 081,,Citeseer,,http://citeseerx.ist.psu.edu/viewdoc/download?doi=10.1.1.62.220&rep=rep1&type=pdf,,0,0,0,4,,"High-speed, wide-area networks have made it both possible and desirable to interconnect distributed collections of scientific data archives, remote scientific instruments (eg, radio telescopes), and highperformance computer systems. As a motivating example, consider a …"
0,E Shaffer,Streamside,2013,,CENT STUDIES AUSTRALIAN LIT …,,,0,0,0,1,7,
0,"R Ilie, E Shaffer, CM D'Angelo",Learning by Immersion: Developing Virtual Reality Labs for Electricity and Magnetism Courses,2019,AGUFM,ui.adsabs.harvard.edu,https://ui.adsabs.harvard.edu/abs/2019AGUFMED42A..04I/abstract,,0,0,0,3,1,"Abstract When James Clerk Maxwell first published his theory of electromagnetism in 1865, physicists found it difficult to grasp because the equations were complicated, while mathematicians found it hard to understand because they were described in physical terms …"
0,KE Shaffer,Tire health monitoring system,2017,"US Patent App. 15/270,317",Google Patents,https://patents.google.com/patent/US20170010185A1/en,,0,0,0,1,3,A health monitoring system for a tire is provided. The health monitoring system includes a fiber optic strain sensor array. The fiber optic strain sensor array is configured to generate data indicative of a strain in the tire. The fiber optic strain sensor array is arranged and …
0,"PC Spengler, KE Shaffer",Programmable device,2016,"US Patent App. 15/181,603",Google Patents,https://patents.google.com/patent/US20160292934A1/en,,0,0,0,2,4,A programmable device for connection to an on-board diagnostic port on a machine is provided. The programmable device includes a plurality of input interfaces. Each of the plurality of input interfaces is adapted to connect with a corresponding pin configuration of …
0,"KE Shaffer, PC Spengler",IoT Service Meter Unit Transmitter,2018,"US Patent App. 15/467,156",Google Patents,https://patents.google.com/patent/US20180276904A1/en,,0,0,0,2,2,"A method for servicing an apparatus based on the time of operation of the apparatus, wherein the apparatus includes a controller BUS and a diagnostic port in communication with the BUS, comprises plugging a service meter unit into the diagnostic port and sending a …"
0,"A Saijo, S Hyner, EP Shaffer",Unverblümt: eine Rhapsodie,2002,,Stadtlichter Presse,,,0,0,0,3,18,
